item,n_runs,n_rows,mean_rank,best_rank,mean_preknowledge_probability,min_preknowledge_probability
767,21,82,49.109756097560975,2,1.0,1.0
161,21,70,50.18571428571428,2,1.0,1.0
599,21,60,58.38333333333333,4,1.0,1.0
1037,21,58,49.310344827586206,4,1.0,1.0
637,20,104,49.35576923076923,1,1.0,1.0
49,20,67,52.82089552238806,1,1.0,1.0
1313,20,66,48.77272727272727,1,1.0,1.0
1259,20,60,50.5,3,1.0,1.0
89,20,59,44.83050847457627,1,1.0,1.0
331,19,42,54.404761904761905,6,1.0,1.0
205,18,63,56.111111111111114,3,1.0,1.0
556,18,58,49.12068965517241,1,1.0,1.0
1154,18,52,50.28846153846154,5,1.0,1.0
1197,18,44,49.43181818181818,3,1.0,1.0
1137,18,30,40.8,2,1.0,1.0
1280,17,59,53.50847457627118,1,1.0,1.0
290,17,48,54.916666666666664,1,1.0,1.0
2,17,45,58.577777777777776,5,1.0,1.0
51,17,44,46.47727272727273,3,1.0,1.0
674,17,32,62.65625,1,1.0,1.0
260,16,41,56.707317073170735,6,1.0,1.0
913,16,31,46.483870967741936,4,1.0,1.0
606,16,25,44.84,2,1.0,1.0
298,15,59,50.45762711864407,6,1.0,1.0
1256,15,32,48.46875,2,1.0,1.0
368,15,32,53.875,5,1.0,1.0
503,15,23,45.91304347826087,7,1.0,1.0
443,15,22,48.72727272727273,7,1.0,1.0
273,13,24,43.708333333333336,1,1.0,1.0
836,13,23,36.30434782608695,3,1.0,1.0
1228,13,21,45.23809523809524,2,1.0,1.0
631,13,21,49.23809523809524,1,1.0,1.0
1074,13,20,51.85,13,1.0,1.0
1043,13,19,45.578947368421055,1,1.0,1.0
33,12,28,52.357142857142854,2,1.0,1.0
1151,12,25,46.32,1,1.0,1.0
917,12,24,48.125,3,1.0,1.0
246,12,19,52.05263157894737,13,1.0,1.0
1242,12,14,40.07142857142857,3,1.0,1.0
1174,11,15,43.6,2,1.0,1.0
166,10,59,52.71186440677966,7,1.0,1.0
964,10,19,51.10526315789474,1,1.0,1.0
703,10,15,67.2,32,1.0,1.0
548,10,14,50.92857142857143,1,1.0,1.0
1199,9,21,55.714285714285715,3,1.0,1.0
237,9,14,60.42857142857143,16,1.0,1.0
272,9,13,57.23076923076923,21,1.0,1.0
209,8,17,61.94117647058823,22,1.0,1.0
885,8,13,57.07692307692308,2,1.0,1.0
10,8,12,60.083333333333336,4,1.0,1.0
959,8,11,48.63636363636363,6,1.0,1.0
1021,8,10,32.5,7,1.0,1.0
469,8,9,43.55555555555556,1,1.0,1.0
119,8,9,49.666666666666664,4,1.0,1.0
182,7,19,49.05263157894737,4,1.0,1.0
886,7,11,34.90909090909091,2,1.0,1.0
178,7,11,50.72727272727273,3,1.0,1.0
755,7,11,51.0,4,1.0,1.0
421,7,11,53.18181818181818,8,1.0,1.0
1202,7,10,47.6,2,1.0,1.0
1146,7,9,41.44444444444444,4,1.0,1.0
809,7,9,46.333333333333336,10,1.0,1.0
808,7,7,52.285714285714285,2,1.0,1.0
897,7,7,62.42857142857143,31,1.0,1.0
786,6,11,69.9090909090909,40,1.0,1.0
472,6,8,34.125,2,1.0,1.0
466,6,8,55.125,21,1.0,1.0
181,6,7,38.857142857142854,14,1.0,1.0
931,6,7,47.57142857142857,1,1.0,1.0
1215,6,7,66.57142857142857,5,1.0,1.0
203,6,6,63.666666666666664,15,1.0,1.0
316,5,8,68.625,30,1.0,1.0
1131,5,6,43.166666666666664,4,1.0,1.0
623,5,6,51.333333333333336,4,1.0,1.0
1207,5,5,37.0,15,1.0,1.0
565,5,5,43.0,5,1.0,1.0
700,5,5,53.2,20,1.0,1.0
1071,4,6,36.0,3,1.0,1.0
494,4,4,23.5,3,1.0,1.0
282,4,4,31.0,20,1.0,1.0
370,4,4,49.5,11,1.0,1.0
806,3,6,40.5,3,1.0,1.0
1100,3,5,61.4,25,1.0,1.0
1252,3,4,51.25,34,1.0,1.0
1249,3,4,52.25,12,1.0,1.0
1133,3,3,33.333333333333336,14,1.0,1.0
1119,3,3,42.333333333333336,18,1.0,1.0
410,3,3,43.333333333333336,2,1.0,1.0
1027,3,3,45.666666666666664,15,1.0,1.0
32,3,3,69.0,19,1.0,1.0
1294,3,3,79.33333333333333,49,1.0,1.0
283,2,2,6.5,4,1.0,1.0
1196,2,2,15.0,2,1.0,1.0
1165,2,2,38.0,27,1.0,1.0
1288,2,2,38.0,21,1.0,1.0
66,2,2,39.0,17,1.0,1.0
1103,2,2,55.5,39,1.0,1.0
1284,2,2,63.0,60,1.0,1.0
813,2,2,65.5,51,1.0,1.0
911,2,2,82.5,82,1.0,1.0
578,1,3,36.333333333333336,1,1.0,1.0
1116,1,2,41.0,21,1.0,1.0
11,1,2,44.0,9,1.0,1.0
1181,1,2,45.5,5,1.0,1.0
213,1,1,1.0,1,1.0,1.0
1056,1,1,7.0,7,1.0,1.0
1144,1,1,7.0,7,1.0,1.0
672,1,1,10.0,10,1.0,1.0
580,1,1,15.0,15,1.0,1.0
763,1,1,16.0,16,1.0,1.0
971,1,1,20.0,20,1.0,1.0
965,1,1,21.0,21,1.0,1.0
52,1,1,29.0,29,1.0,1.0
1212,1,1,34.0,34,1.0,1.0
554,1,1,37.0,37,1.0,1.0
68,1,1,42.0,42,1.0,1.0
823,1,1,42.0,42,1.0,1.0
284,1,1,45.0,45,1.0,1.0
401,1,1,48.0,48,1.0,1.0
583,1,1,49.0,49,1.0,1.0
50,1,1,50.0,50,1.0,1.0
488,1,1,50.0,50,1.0,1.0
102,1,1,57.0,57,1.0,1.0
835,1,1,57.0,57,1.0,1.0
355,1,1,59.0,59,1.0,1.0
271,1,1,65.0,65,1.0,1.0
311,1,1,65.0,65,1.0,1.0
1302,1,1,65.0,65,1.0,1.0
299,1,1,75.0,75,1.0,1.0
6,1,1,88.0,88,1.0,1.0
841,1,1,99.0,99,1.0,1.0
