run_name,n_rows,min_preknowledge_probability,mean_preknowledge_probability,median_preknowledge_probability,n_unique_items,n_unique_models,n_unique_families
dmixture_2pl__baseline,100,1.0,1.0,1.0,53,79,67
dmixture_2pl__moderate_contamination,100,1.0,1.0,1.0,54,85,79
dmixture_2pl__rare_contamination,100,1.0,1.0,1.0,49,76,70
dmixture_2pl__tau_95,100,1.0,1.0,1.0,48,87,77
dmixture_2pl__tau_999,100,1.0,1.0,1.0,44,84,77
dmixture_2pl__tight_difficulty,100,1.0,1.0,1.0,54,87,79
dmixture_2pl__tight_discrimination,100,1.0,1.0,1.0,37,87,86
dmixture_2pl__tight_exposure,100,1.0,1.0,1.0,45,84,79
dmixture_2pl__wide_difficulty,100,1.0,1.0,1.0,55,80,74
dmixture_2pl__wide_discrimination,100,1.0,1.0,1.0,50,68,60
dmixture_2pl__wide_exposure,100,1.0,1.0,1.0,40,89,82
dmixture_family_2pl__baseline,100,1.0,1.0,1.0,44,72,67
dmixture_family_2pl__moderate_contamination,100,1.0,1.0,1.0,42,80,79
dmixture_family_2pl__rare_contamination,100,1.0,1.0,1.0,54,78,73
dmixture_family_2pl__tau_95,100,1.0,1.0,1.0,46,79,78
dmixture_family_2pl__tau_999,100,1.0,1.0,1.0,44,77,72
dmixture_family_2pl__tight_difficulty,100,1.0,1.0,1.0,43,77,70
dmixture_family_2pl__tight_discrimination,100,1.0,1.0,1.0,34,80,77
dmixture_family_2pl__tight_exposure,100,1.0,1.0,1.0,45,72,67
dmixture_family_2pl__wide_difficulty,100,1.0,1.0,1.0,37,78,71
dmixture_family_2pl__wide_discrimination,100,1.0,1.0,1.0,47,55,52
dmixture_family_2pl__wide_exposure,100,1.0,1.0,1.0,45,72,66
