item,n_obs,n_correct,pass_rate
1,6014,1284.0,0.21350183
2,6014,3553.0,0.5907882
3,6014,1590.0,0.2643831
4,6014,2086.0,0.34685734
5,6014,1608.0,0.26737612
6,6014,2832.0,0.47090122
7,6014,3406.0,0.5663452
8,6014,3026.0,0.5031593
9,6014,1405.0,0.23362155
10,6014,4316.0,0.7176588
11,6014,3956.0,0.65779847
12,6014,3531.0,0.58713
14,6014,2783.0,0.46275356
15,6014,3279.0,0.5452278
16,6014,3444.0,0.5726638
17,6014,2592.0,0.43099433
18,6014,2829.0,0.4704024
19,6014,4112.0,0.68373793
20,6014,3939.0,0.6549717
21,6014,1734.0,0.28832725
22,6014,2922.0,0.4858663
23,6014,642.0,0.10675091
24,6014,2629.0,0.43714666
25,6014,2673.0,0.44446293
26,6014,3671.0,0.610409
28,6014,2094.0,0.34818757
29,6014,3005.0,0.49966744
30,6014,2137.0,0.35533756
31,6014,1774.0,0.29497838
32,6014,1592.0,0.26471567
33,6014,2427.0,0.40355837
34,6014,3232.0,0.5374127
35,6014,1838.0,0.30562022
36,6014,1970.0,0.327569
37,6014,2385.0,0.39657465
38,6014,3432.0,0.57066846
39,6014,763.0,0.12687063
40,6014,3025.0,0.502993
41,6014,4277.0,0.71117395
42,6014,4863.0,0.80861324
44,6014,4777.0,0.79431325
46,6014,429.0,0.07133356
47,6014,2520.0,0.4190223
49,6014,569.0,0.09461257
50,6014,4119.0,0.6849019
51,6014,2512.0,0.41769207
52,6014,1656.0,0.27535748
53,6014,2300.0,0.38244098
54,6014,1565.0,0.26022613
55,6014,1584.0,0.26338544
56,6014,1639.0,0.27253076
57,6014,1364.0,0.22680412
58,6014,2310.0,0.38410375
59,6014,2574.0,0.42800134
60,6014,2273.0,0.37795144
62,6014,3260.0,0.5420685
63,6014,3879.0,0.64499503
64,6014,2134.0,0.3548387
65,6014,3021.0,0.5023279
66,6014,2881.0,0.47904888
67,6014,2387.0,0.3969072
68,6014,2267.0,0.37695378
69,6014,2582.0,0.42933157
70,6014,572.0,0.09511141
71,6014,1716.0,0.28533423
72,6014,3024.0,0.50282675
73,6014,3619.0,0.60176253
74,6014,5131.0,0.85317594
75,6014,1860.0,0.30927834
76,6014,1069.0,0.17775191
77,6014,2485.0,0.41320252
78,6014,933.0,0.15513802
79,6014,1881.0,0.31277022
80,6014,2612.0,0.4343199
81,6014,346.0,0.057532426
82,6014,2484.0,0.41303626
83,6014,2610.0,0.43398735
84,6014,3025.0,0.502993
85,6014,4939.0,0.82125044
86,6014,1085.0,0.18041237
87,6014,481.0,0.079980046
88,6014,3505.0,0.58280677
89,6014,870.0,0.14466245
90,6014,2567.0,0.42683738
91,6014,1558.0,0.2590622
92,6014,561.0,0.09328234
93,6014,632.0,0.10508813
94,6014,4056.0,0.6744263
96,6014,3506.0,0.58297306
97,6014,2182.0,0.3628201
98,6014,1639.0,0.27253076
99,6014,3984.0,0.66245425
100,6014,548.0,0.09112072
101,6014,1578.0,0.26238775
102,6014,2931.0,0.48736283
104,6014,3534.0,0.58762884
105,6014,1967.0,0.32707018
106,6014,1164.0,0.19354838
107,6014,3685.0,0.61273694
108,6014,944.0,0.15696707
109,6014,4570.0,0.7598936
110,6014,1573.0,0.26155636
111,6014,2984.0,0.4961756
114,6014,2563.0,0.42617226
115,6014,3985.0,0.66262054
116,6014,3463.0,0.57582307
117,6014,1825.0,0.3034586
118,6014,3509.0,0.5834719
119,6014,2541.0,0.42251414
120,6014,1214.0,0.20186232
121,6014,3162.0,0.52577317
123,6014,2503.0,0.41619554
124,6014,4509.0,0.74975055
126,6014,4308.0,0.71632856
127,6014,2116.0,0.35184568
128,6014,2269.0,0.37728634
129,6014,3656.0,0.60791487
130,6014,2920.0,0.48553374
131,6014,3205.0,0.53292316
132,6014,3090.0,0.51380116
134,6014,1748.0,0.29065514
135,6014,2025.0,0.33671433
136,6014,2037.0,0.33870968
137,6014,1872.0,0.3112737
138,6014,2461.0,0.40921184
139,6014,4252.0,0.70701694
140,6014,2738.0,0.45527104
141,6014,3461.0,0.57549053
142,6014,1538.0,0.25573662
143,6014,1152.0,0.19155304
144,6014,3580.0,0.59527767
145,6014,2816.0,0.46824077
146,6014,3425.0,0.5695045
147,6014,3521.0,0.5854672
148,6014,2768.0,0.4602594
149,6014,4155.0,0.6908879
150,6014,823.0,0.13684736
151,6014,1899.0,0.3157632
152,6014,4165.0,0.6925507
153,6014,1488.0,0.24742268
154,6014,4965.0,0.8255737
155,6014,1842.0,0.30628532
157,6014,1600.0,0.2660459
158,6014,4299.0,0.71483207
159,6014,4560.0,0.7582308
160,6014,1954.0,0.32490855
161,6014,963.0,0.16012637
162,6014,3253.0,0.5409046
163,6014,2641.0,0.439142
164,6014,3381.0,0.5621882
165,6014,3815.0,0.63435316
166,6014,2766.0,0.45992684
167,6014,3927.0,0.6529764
168,6014,2737.0,0.45510477
169,6014,4004.0,0.6657798
170,6014,1698.0,0.2823412
171,6014,3084.0,0.51280344
172,6014,2669.0,0.4437978
174,6014,3331.0,0.5538743
175,6014,4200.0,0.69837046
176,6014,2010.0,0.33422014
177,6014,2959.0,0.4920186
178,6014,1740.0,0.2893249
179,6014,2807.0,0.46674427
180,6014,1311.0,0.21799135
181,6014,3408.0,0.56667775
182,6014,3964.0,0.6591287
183,6014,2884.0,0.4795477
184,6014,1190.0,0.19787163
185,6014,1414.0,0.23511806
186,6014,3899.0,0.64832056
187,6014,1263.0,0.21000998
188,6014,3514.0,0.5843033
189,6014,3312.0,0.55071497
190,6014,2863.0,0.47605586
191,6014,1549.0,0.25756568
192,6014,1375.0,0.2286332
193,6014,3803.0,0.63235784
194,6014,1081.0,0.17974725
195,6014,2912.0,0.48420352
196,6014,2178.0,0.36215496
197,6014,1084.0,0.1802461
198,6014,3407.0,0.56651145
199,6014,1963.0,0.32640505
200,6014,1316.0,0.21882275
202,6014,3528.0,0.5866312
203,6014,3561.0,0.5921184
204,6014,2201.0,0.36597937
205,6014,617.0,0.10259395
206,6014,4676.0,0.7775191
207,6014,2153.0,0.357998
209,6014,2206.0,0.36681077
210,6014,3706.0,0.6162288
211,6014,3081.0,0.5123046
212,6014,3243.0,0.5392418
213,6014,1747.0,0.29048887
214,6014,343.0,0.057033587
215,6014,1988.0,0.33056203
216,6014,2447.0,0.40688393
217,6014,2503.0,0.41619554
219,6014,3895.0,0.6476555
220,6014,2408.0,0.40039906
221,6014,2053.0,0.34137014
223,6014,466.0,0.07748587
225,6014,2136.0,0.35517126
226,6014,599.0,0.09960093
227,6014,577.0,0.0959428
229,6014,2410.0,0.40073162
230,6014,4483.0,0.7454273
231,6014,443.0,0.073661454
232,6014,552.0,0.09178583
233,6014,3360.0,0.5586964
234,6014,3249.0,0.54023945
235,6014,605.0,0.1005986
236,6014,745.0,0.12387762
237,6014,3043.0,0.50598603
238,6014,3500.0,0.5819754
239,6014,3731.0,0.62038577
240,6014,3320.0,0.5520452
241,6014,3246.0,0.5397406
242,6014,3126.0,0.5197872
243,6014,4406.0,0.7326239
246,6014,1312.0,0.21815763
247,6014,710.0,0.11805786
248,6014,3434.0,0.571001
250,6014,3050.0,0.50715
251,6014,1195.0,0.19870302
253,6014,3492.0,0.58064514
254,6014,3136.0,0.5214499
255,6014,4772.0,0.7934819
256,6014,1849.0,0.30744928
257,6014,4113.0,0.68390423
258,6014,1803.0,0.29980046
259,6014,2538.0,0.4220153
260,6014,459.0,0.076321915
261,6014,2150.0,0.35749918
262,6014,4555.0,0.7573994
263,6014,3430.0,0.57033587
264,6014,478.0,0.07948121
265,6014,3776.0,0.6278683
266,6014,2412.0,0.4010642
268,6014,2850.0,0.47389424
269,6014,690.0,0.11473229
270,6014,1398.0,0.2324576
271,6014,2184.0,0.36315265
272,6014,1561.0,0.25956103
273,6014,1053.0,0.17509146
274,6014,3766.0,0.6262055
275,6014,1569.0,0.26089126
276,6014,1242.0,0.20651813
277,6014,3187.0,0.5299302
279,6014,1108.0,0.18423678
281,6014,2072.0,0.34452942
282,6014,1251.0,0.20801464
283,6014,2675.0,0.4447955
284,6014,3099.0,0.51529765
285,6014,954.0,0.15862986
286,6014,3190.0,0.530429
287,6014,1141.0,0.18972398
288,6014,707.0,0.11755903
289,6014,4652.0,0.77352846
290,6014,764.0,0.12703691
291,6014,2745.0,0.456435
292,6014,3142.0,0.52244765
293,6014,2197.0,0.36531428
294,6014,2789.0,0.46375126
295,6014,1302.0,0.21649484
296,6014,2159.0,0.35899568
297,6014,3076.0,0.51147324
298,6014,2459.0,0.40887928
299,6014,3926.0,0.6528101
300,6014,2784.0,0.46291986
301,6014,1442.0,0.23977385
303,6014,2109.0,0.35068175
304,6014,656.0,0.10907882
305,6014,2736.0,0.45493847
306,6014,3310.0,0.55038244
307,6014,2391.0,0.39757234
308,6014,2291.0,0.38094446
309,6014,3117.0,0.51829064
310,6014,1024.0,0.17026937
311,6014,3111.0,0.517293
312,6014,1548.0,0.2573994
313,6014,2118.0,0.35217825
314,6014,412.0,0.068506815
315,6014,3167.0,0.5266046
316,6014,3083.0,0.5126372
317,6014,473.0,0.07864982
318,6014,3089.0,0.51363486
319,6014,3072.0,0.5108081
321,6014,3825.0,0.63601595
322,6014,1171.0,0.19471234
323,6014,1543.0,0.256568
324,6014,2935.0,0.48802793
325,6014,936.0,0.15563685
326,6014,2621.0,0.43581644
328,6014,2467.0,0.4102095
329,6014,485.0,0.08064516
330,6014,2953.0,0.49102095
331,6014,430.0,0.07149983
332,6014,4306.0,0.715996
333,6014,3531.0,0.58713
334,6014,3740.0,0.62188226
335,6014,938.0,0.15596941
336,6014,1042.0,0.17326239
337,6014,3487.0,0.5798138
338,6014,2297.0,0.38194212
339,6014,1410.0,0.23445295
340,6014,1282.0,0.21316928
341,6014,4042.0,0.67209846
342,6014,2815.0,0.4680745
343,6014,3491.0,0.5804789
344,6014,2072.0,0.34452942
347,6014,3256.0,0.5414034
348,6014,2680.0,0.44562688
349,6014,1512.0,0.25141338
350,6014,3525.0,0.58613235
351,6014,3752.0,0.62387764
352,6014,1231.0,0.20468906
353,6014,3657.0,0.60808116
354,6014,3263.0,0.5425674
355,6014,3837.0,0.63801134
356,6014,3561.0,0.5921184
357,6014,1563.0,0.2598936
359,6014,2120.0,0.3525108
361,6014,3422.0,0.56900567
362,6014,3702.0,0.6155637
363,6014,3531.0,0.58713
364,6014,1069.0,0.17775191
365,6014,370.0,0.061523113
366,6014,2129.0,0.3540073
367,6014,3664.0,0.6092451
368,6014,411.0,0.06834054
370,6014,1000.0,0.16627869
371,6014,2226.0,0.37013635
372,6014,3493.0,0.58081144
373,6014,2855.0,0.47472563
374,6014,1800.0,0.29930162
375,6014,3051.0,0.5073163
376,6014,3867.0,0.64299965
377,6014,822.0,0.13668108
378,6014,1602.0,0.26637846
379,6014,1924.0,0.31992018
380,6014,4295.0,0.71416694
381,6014,501.0,0.08330562
382,6014,389.0,0.06468241
383,6014,4084.0,0.67908216
384,6014,3016.0,0.5014965
385,6014,4115.0,0.68423676
386,6014,611.0,0.10159627
387,6014,2793.0,0.46441635
388,6014,3487.0,0.5798138
389,6014,2906.0,0.48320585
390,6014,2872.0,0.47755238
392,6014,2875.0,0.47805122
393,6014,990.0,0.1646159
394,6014,3544.0,0.58929163
395,6014,2940.0,0.48885933
397,6014,2847.0,0.4733954
398,6014,3206.0,0.53308946
399,6014,588.0,0.09777187
400,6014,1740.0,0.2893249
401,6014,1440.0,0.2394413
402,6014,1870.0,0.31094113
403,6014,1198.0,0.19920187
404,6014,2002.0,0.3328899
405,6014,2552.0,0.4243432
406,6014,2866.0,0.4765547
407,6014,2194.0,0.36481544
408,6014,3096.0,0.5147988
409,6014,3455.0,0.5744929
410,6014,841.0,0.13984038
411,6014,3121.0,0.51895577
412,6014,4095.0,0.6809112
413,6014,2943.0,0.48935816
414,6014,2139.0,0.3556701
415,6014,1913.0,0.31809112
416,6014,3955.0,0.6576322
418,6014,1962.0,0.32623878
419,6014,3640.0,0.6052544
420,6014,845.0,0.1405055
421,6014,3023.0,0.50266045
422,6014,1645.0,0.27352843
423,6014,2837.0,0.47173262
425,6014,2429.0,0.4038909
426,6014,2575.0,0.4281676
427,6014,1295.0,0.2153309
428,6014,1807.0,0.30046558
429,6014,1518.0,0.25241104
430,6014,1881.0,0.31277022
431,6014,1330.0,0.22115065
433,6014,4721.0,0.78500164
434,6014,1940.0,0.32258064
435,6014,2575.0,0.4281676
436,6014,2935.0,0.48802793
437,6014,2145.0,0.3566678
438,6014,3766.0,0.6262055
439,6014,1905.0,0.3167609
440,6014,437.0,0.072663784
441,6014,2131.0,0.35433987
443,6014,2456.0,0.40838045
444,6014,3206.0,0.53308946
445,6014,2590.0,0.4306618
447,6014,3953.0,0.65729964
448,6014,3809.0,0.6333555
449,6014,2927.0,0.4866977
450,6014,1674.0,0.2783505
451,6014,678.0,0.11273695
452,6014,2648.0,0.44030595
454,6014,1476.0,0.24542734
455,6014,3250.0,0.5404057
457,6014,2593.0,0.43116063
458,6014,4159.0,0.69155306
459,6014,506.0,0.084137015
460,6014,1190.0,0.19787163
461,6014,2634.0,0.43797806
462,6014,3802.0,0.63219154
463,6014,2959.0,0.4920186
464,6014,3239.0,0.53857666
465,6014,3148.0,0.5234453
466,6014,3524.0,0.58596605
467,6014,4128.0,0.6863984
468,6014,725.0,0.12055205
469,6014,2036.0,0.3385434
471,6014,3501.0,0.5821417
472,6014,515.0,0.085633524
473,6014,2204.0,0.3664782
475,6014,4117.0,0.68456936
476,6014,2856.0,0.47489193
477,6014,1050.0,0.17459261
478,6014,2826.0,0.46990356
479,6014,2502.0,0.41602927
480,6014,2273.0,0.37795144
481,6014,3170.0,0.5271034
482,6014,3472.0,0.57731956
483,6014,1348.0,0.22414367
484,6014,480.0,0.07981377
485,6014,885.0,0.14715664
486,6014,2513.0,0.41785833
487,6014,1194.0,0.19853675
488,6014,1781.0,0.29614234
489,6014,3780.0,0.6285334
490,6014,873.0,0.14516129
491,6014,3322.0,0.55237776
493,6014,3284.0,0.5460592
494,6014,399.0,0.06634519
495,6014,2363.0,0.39291653
496,6014,4080.0,0.678417
497,6014,2066.0,0.34353176
498,6014,1233.0,0.20502162
499,6014,855.0,0.14216827
500,6014,2766.0,0.45992684
501,6014,4495.0,0.7474227
502,6014,1568.0,0.26072496
503,6014,727.0,0.120884605
504,6014,2486.0,0.4133688
505,6014,4534.0,0.75390756
506,6014,2719.0,0.45211175
507,6014,3206.0,0.53308946
508,6014,3381.0,0.5621882
509,6014,4026.0,0.669438
510,6014,1121.0,0.1863984
511,6014,4551.0,0.7567343
512,6014,3228.0,0.5367476
514,6014,3278.0,0.5450615
515,6014,3619.0,0.60176253
516,6014,1350.0,0.22447622
517,6014,1484.0,0.24675757
518,6014,3049.0,0.5069837
519,6014,3620.0,0.60192883
520,6014,1479.0,0.24592617
522,6014,3863.0,0.6423346
523,6014,2813.0,0.46774194
524,6014,2350.0,0.3907549
525,6014,3161.0,0.52560693
526,6014,1813.0,0.30146325
527,6014,3159.0,0.52527434
528,6014,3099.0,0.51529765
529,6014,3669.0,0.6100765
530,6014,2121.0,0.35267708
532,6014,3348.0,0.556701
533,6014,2518.0,0.41868973
534,6014,3521.0,0.5854672
535,6014,1826.0,0.30362487
536,6014,3263.0,0.5425674
537,6014,1898.0,0.31559694
538,6014,2949.0,0.49035585
539,6014,1527.0,0.25390756
540,6014,2842.0,0.472564
541,6014,2447.0,0.40688393
542,6014,1540.0,0.25606918
543,6014,3784.0,0.62919855
544,6014,2039.0,0.33904225
545,6014,1789.0,0.29747257
546,6014,2906.0,0.48320585
547,6014,1845.0,0.30678418
548,6014,1352.0,0.22480878
549,6014,1191.0,0.19803791
550,6014,3066.0,0.50981045
551,6014,3664.0,0.6092451
552,6014,2890.0,0.4805454
553,6014,3421.0,0.5688394
554,6014,1883.0,0.31310275
555,6014,3823.0,0.6356834
556,6014,855.0,0.14216827
557,6014,2678.0,0.44529432
558,6014,3112.0,0.5174593
559,6014,2207.0,0.36697707
560,6014,2015.0,0.33505154
561,6014,4250.0,0.7066844
562,6014,771.0,0.12820086
563,6014,1386.0,0.23046225
564,6014,3751.0,0.62371135
565,6014,3208.0,0.533422
566,6014,3328.0,0.5533755
568,6014,1366.0,0.22713669
569,6014,2624.0,0.43631527
572,6014,2214.0,0.368141
573,6014,2416.0,0.4017293
574,6014,3016.0,0.5014965
575,6014,3309.0,0.55021614
576,6014,2049.0,0.340705
577,6014,3599.0,0.59843695
578,6014,3313.0,0.55088127
579,6014,1253.0,0.20834719
580,6014,4113.0,0.68390423
581,6014,3942.0,0.65547055
582,6014,2954.0,0.49118724
583,6014,3225.0,0.53624874
584,6014,3768.0,0.6265381
585,6014,2947.0,0.4900233
588,6014,707.0,0.11755903
590,6014,2608.0,0.43365481
591,6014,2621.0,0.43581644
592,6014,3596.0,0.5979381
593,6014,2048.0,0.34053874
594,6014,684.0,0.11373462
595,6014,3022.0,0.50249416
596,6014,2432.0,0.40438977
597,6014,2644.0,0.43964085
598,6014,1518.0,0.25241104
599,6014,722.0,0.12005321
600,6014,2883.0,0.47938144
601,6014,3278.0,0.5450615
602,6014,1531.0,0.25457266
603,6014,1598.0,0.26571333
604,6014,3145.0,0.5229465
605,6014,3492.0,0.58064514
606,6014,2460.0,0.40904555
607,6014,1535.0,0.2552378
608,6014,1258.0,0.20917858
609,6014,1330.0,0.22115065
610,6014,2835.0,0.47140005
611,6014,2265.0,0.37662122
612,6014,2853.0,0.47439307
613,6014,1976.0,0.32856667
614,6014,2277.0,0.37861657
615,6014,1728.0,0.28732955
616,6014,1921.0,0.31942135
617,6014,2440.0,0.40572
618,6014,3688.0,0.6132358
619,6014,3184.0,0.52943134
620,6014,3220.0,0.5354174
621,6014,2100.0,0.34918523
622,6014,2321.0,0.38593283
623,6014,1964.0,0.32657135
625,6014,1117.0,0.18573329
626,6014,1858.0,0.3089458
627,6014,3602.0,0.59893584
628,6014,2884.0,0.4795477
629,6014,595.0,0.09893581
630,6014,3676.0,0.61124045
631,6014,1372.0,0.22813435
632,6014,1463.0,0.24326572
633,6014,755.0,0.1255404
634,6014,3872.0,0.6438311
635,6014,3767.0,0.6263718
636,6014,1998.0,0.33222482
637,6014,990.0,0.1646159
638,6014,436.0,0.07249751
640,6014,2629.0,0.43714666
641,6014,3979.0,0.6616229
642,6014,3233.0,0.537579
643,6014,3434.0,0.571001
644,6014,3380.0,0.562022
645,6014,3867.0,0.64299965
646,6014,3013.0,0.50099766
647,6014,3653.0,0.60741603
648,6014,3953.0,0.65729964
649,6014,2174.0,0.36148986
650,6014,3537.0,0.5881277
652,6014,1643.0,0.27319586
653,6014,2538.0,0.4220153
654,6014,691.0,0.11489857
655,6014,3278.0,0.5450615
656,6014,4087.0,0.679581
657,6014,3543.0,0.5891254
658,6014,2418.0,0.40206185
659,6014,983.0,0.16345194
660,6014,2967.0,0.49334887
661,6014,3791.0,0.6303625
662,6014,1735.0,0.2884935
663,6014,1415.0,0.23528434
664,6014,2228.0,0.3704689
665,6014,1512.0,0.25141338
666,6014,2761.0,0.45909545
667,6014,664.0,0.110409044
668,6014,1754.0,0.2916528
669,6014,952.0,0.1582973
670,6014,2382.0,0.39607581
671,6014,1762.0,0.29298303
672,6014,1692.0,0.28134352
673,6014,2165.0,0.35999334
674,6014,464.0,0.07715331
675,6014,3715.0,0.6177253
676,6014,2314.0,0.38476887
677,6014,2370.0,0.3940805
678,6014,2615.0,0.43481874
679,6014,2849.0,0.47372797
680,6014,2099.0,0.34901896
681,6014,3107.0,0.51662785
682,6014,617.0,0.10259395
684,6014,3766.0,0.6262055
685,6014,3636.0,0.6045893
686,6014,2699.0,0.44878617
687,6014,3467.0,0.5764882
688,6014,2327.0,0.3869305
689,6014,2631.0,0.43747923
690,6014,4075.0,0.67758566
691,6014,2239.0,0.37229797
692,6014,3300.0,0.54871964
693,6014,4326.0,0.7193216
694,6014,491.0,0.08164284
695,6014,2798.0,0.46524775
696,6014,1513.0,0.25157964
698,6014,1636.0,0.27203193
699,6014,2652.0,0.44097108
700,6014,3302.0,0.54905224
702,6014,3102.0,0.5157965
703,6014,466.0,0.07748587
704,6014,3453.0,0.5741603
705,6014,2671.0,0.44413036
707,6014,1947.0,0.3237446
708,6014,2493.0,0.41453275
709,6014,2076.0,0.34519455
710,6014,1922.0,0.31958762
711,6014,2441.0,0.40588626
712,6014,2157.0,0.3586631
713,6014,1784.0,0.29664117
714,6014,2683.0,0.44612572
715,6014,2368.0,0.39374793
716,6014,936.0,0.15563685
717,6014,1275.0,0.21200532
718,6014,1152.0,0.19155304
719,6014,2629.0,0.43714666
720,6014,1470.0,0.24442966
721,6014,3592.0,0.59727305
722,6014,1124.0,0.18689723
723,6014,554.0,0.09211839
724,6014,1852.0,0.3079481
726,6014,535.0,0.0889591
727,6014,2795.0,0.46474892
728,6014,3703.0,0.61573
729,6014,2101.0,0.34935153
730,6014,1669.0,0.27751914
731,6014,1164.0,0.19354838
732,6014,1868.0,0.31060857
733,6014,2470.0,0.41070834
734,6014,3397.0,0.56484866
735,6014,2831.0,0.47073495
736,6014,2530.0,0.42068508
738,6014,1566.0,0.26039243
739,6014,838.0,0.13934153
740,6014,2630.0,0.43731293
741,6014,3408.0,0.56667775
742,6014,1748.0,0.29065514
744,6014,1954.0,0.32490855
745,6014,3617.0,0.60143
746,6014,3302.0,0.54905224
747,6014,503.0,0.08363818
748,6014,4122.0,0.6854007
749,6014,3528.0,0.5866312
751,6014,1940.0,0.32258064
752,6014,2518.0,0.41868973
753,6014,919.0,0.15281011
754,6014,2153.0,0.357998
755,6014,923.0,0.15347522
756,6014,1207.0,0.20069838
757,6014,3334.0,0.55437315
758,6014,2863.0,0.47605586
759,6014,2701.0,0.44911873
760,6014,2605.0,0.43315598
761,6014,3694.0,0.61423343
762,6014,1366.0,0.22713669
763,6014,2249.0,0.37396076
764,6014,1415.0,0.23528434
765,6014,3016.0,0.5014965
766,6014,3339.0,0.5552045
767,6014,514.0,0.08546724
768,6014,2008.0,0.3338876
769,6014,1494.0,0.24842036
770,6014,2299.0,0.3822747
771,6014,697.0,0.11589624
772,6014,4204.0,0.6990356
773,6014,431.0,0.071666114
774,6014,2201.0,0.36597937
775,6014,1652.0,0.2746924
776,6014,3320.0,0.5520452
777,6014,3878.0,0.64482874
778,6014,4275.0,0.71084136
779,6014,2979.0,0.4953442
782,6014,661.0,0.10991021
783,6014,1275.0,0.21200532
784,6014,3043.0,0.50598603
785,6014,3855.0,0.6410043
786,6014,2892.0,0.48087797
787,6014,471.0,0.07831726
788,6014,2268.0,0.37712005
789,6014,2424.0,0.40305954
790,6014,961.0,0.15979381
791,6014,3617.0,0.60143
792,6014,4244.0,0.70568675
793,6014,1778.0,0.2956435
794,6014,2264.0,0.37645495
795,6014,2895.0,0.4813768
796,6014,2324.0,0.38643166
797,6014,3407.0,0.56651145
798,6014,2551.0,0.42417693
799,6014,1367.0,0.22730295
800,6014,4320.0,0.7183239
801,6014,2874.0,0.47788495
802,6014,3810.0,0.6335218
803,6014,3075.0,0.51130694
805,6014,4024.0,0.6691054
806,6014,2275.0,0.378284
807,6014,1421.0,0.236282
808,6014,716.0,0.11905554
809,6014,2678.0,0.44529432
810,6014,3863.0,0.6423346
811,6014,2083.0,0.3463585
812,6014,1829.0,0.3041237
813,6014,2429.0,0.4038909
814,6014,706.0,0.11739275
815,6014,2527.0,0.42018622
816,6014,3037.0,0.5049884
817,6014,2108.0,0.35051546
818,6014,3442.0,0.57233125
819,6014,2612.0,0.4343199
820,6014,3580.0,0.59527767
821,6014,1752.0,0.29132026
822,6014,3077.0,0.51163954
823,6014,936.0,0.15563685
824,6014,2696.0,0.44828734
825,6014,3149.0,0.52361155
826,6014,800.0,0.13302295
827,6014,721.0,0.11988693
828,6014,464.0,0.07715331
830,6014,3379.0,0.5618557
831,6014,1124.0,0.18689723
832,6014,3132.0,0.52078485
834,6014,1780.0,0.29597604
835,6014,2668.0,0.44363153
836,6014,693.0,0.11523113
837,6014,3654.0,0.60758233
838,6014,2417.0,0.40189558
839,6014,3818.0,0.634852
840,6014,3789.0,0.6300299
841,6014,2684.0,0.44629198
842,6014,370.0,0.061523113
843,6014,2196.0,0.36514798
845,6014,1491.0,0.24792151
846,6014,2780.0,0.46225473
847,6014,2976.0,0.49484536
848,6014,2374.0,0.3947456
849,6014,919.0,0.15281011
851,6014,2148.0,0.35716662
852,6014,2277.0,0.37861657
853,6014,1448.0,0.24077153
854,6014,2196.0,0.36514798
855,6014,4027.0,0.66960424
857,6014,2694.0,0.44795477
858,6014,1613.0,0.26820752
860,6014,2321.0,0.38593283
861,6014,1996.0,0.33189225
862,6014,4502.0,0.74858665
863,6014,4188.0,0.69637513
864,6014,2958.0,0.49185234
865,6014,2160.0,0.35916194
866,6014,2769.0,0.46042567
868,6014,1106.0,0.18390423
869,6014,420.0,0.06983705
870,6014,3652.0,0.60724974
872,6014,1806.0,0.3002993
873,6014,3551.0,0.5904556
874,6014,2405.0,0.39990023
875,6014,3092.0,0.5141337
876,6014,3505.0,0.58280677
877,6014,3943.0,0.65563685
878,6014,1076.0,0.17891586
879,6014,1606.0,0.26704356
880,6014,981.0,0.16311939
881,6014,1625.0,0.27020285
882,6014,3268.0,0.54339874
883,6014,3095.0,0.5146325
884,6014,672.0,0.11173928
885,6014,2493.0,0.41453275
886,6014,872.0,0.14499502
887,6014,2843.0,0.4727303
889,6014,1041.0,0.1730961
890,6014,3380.0,0.562022
891,6014,3273.0,0.5442301
892,6014,949.0,0.15779847
893,6014,3044.0,0.50615233
894,6014,2666.0,0.44329897
895,6014,3669.0,0.6100765
897,6014,1565.0,0.26022613
898,6014,2709.0,0.45044896
900,6014,1881.0,0.31277022
901,6014,1073.0,0.17841703
902,6014,3764.0,0.62587297
903,6014,3725.0,0.6193881
904,6014,2489.0,0.41386765
905,6014,1075.0,0.17874959
906,6014,3762.0,0.62554044
907,6014,4025.0,0.6692717
908,6014,978.0,0.16262056
910,6014,3807.0,0.63302296
911,6014,2160.0,0.35916194
912,6014,3203.0,0.5325906
913,6014,930.0,0.15463917
914,6014,2426.0,0.40339208
915,6014,4842.0,0.80512136
916,6014,1794.0,0.29830396
917,6014,1333.0,0.22164948
918,6014,2303.0,0.38293982
919,6014,3629.0,0.6034253
920,6014,3153.0,0.5242767
922,6014,3497.0,0.58147657
923,6014,1419.0,0.23594946
924,6014,475.0,0.078982376
925,6014,1831.0,0.30445626
926,6014,3096.0,0.5147988
927,6014,1328.0,0.22081809
928,6014,3151.0,0.52394414
929,6014,1059.0,0.17608912
930,6014,1684.0,0.2800133
931,6014,1635.0,0.27186564
932,6014,3698.0,0.61489856
933,6014,1671.0,0.27785167
934,6014,2531.0,0.42085135
935,6014,1152.0,0.19155304
936,6014,2150.0,0.35749918
937,6014,3828.0,0.6365148
938,6014,3939.0,0.6549717
939,6014,3168.0,0.5267709
940,6014,1124.0,0.18689723
941,6014,3462.0,0.5756568
942,6014,3040.0,0.5054872
943,6014,1445.0,0.2402727
944,6014,3540.0,0.58862656
945,6014,1694.0,0.28167608
946,6014,3258.0,0.54173595
947,6014,2997.0,0.4983372
948,6014,359.0,0.059694048
949,6014,2648.0,0.44030595
950,6014,3657.0,0.60808116
951,6014,1898.0,0.31559694
953,6014,1118.0,0.18589957
954,6014,2529.0,0.4205188
955,6014,1579.0,0.26255405
956,6014,699.0,0.1162288
957,6014,3695.0,0.61439973
958,6014,1547.0,0.2572331
959,6014,897.0,0.14915198
960,6014,3751.0,0.62371135
961,6014,1110.0,0.18456934
962,6014,1668.0,0.27735284
963,6014,985.0,0.1637845
964,6014,2415.0,0.40156302
965,6014,2051.0,0.34103757
967,6014,2138.0,0.35550383
968,6014,2037.0,0.33870968
969,6014,1447.0,0.24060525
970,6014,3250.0,0.5404057
971,6014,1677.0,0.27884936
972,6014,2136.0,0.35517126
973,6014,1112.0,0.1849019
974,6014,2640.0,0.43897572
975,6014,3752.0,0.62387764
976,6014,3775.0,0.62770206
977,6014,1852.0,0.3079481
978,6014,3208.0,0.533422
979,6014,3012.0,0.50083137
980,6014,2485.0,0.41320252
981,6014,2238.0,0.3721317
982,6014,2995.0,0.49800465
983,6014,1901.0,0.31609577
984,6014,2117.0,0.35201198
985,6014,3571.0,0.5937812
986,6014,1784.0,0.29664117
987,6014,1693.0,0.28150982
988,6014,3143.0,0.5226139
989,6014,2756.0,0.45826405
990,6014,3749.0,0.62337875
991,6014,2132.0,0.35450616
992,6014,951.0,0.15813103
993,6014,3206.0,0.53308946
994,6014,2567.0,0.42683738
995,6014,2922.0,0.4858663
996,6014,1031.0,0.17143333
997,6014,2752.0,0.45759892
998,6014,1092.0,0.18157633
1000,6014,1960.0,0.32590622
1001,6014,2402.0,0.3994014
1002,6014,3340.0,0.5553708
1003,6014,2006.0,0.33355504
1004,6014,2955.0,0.4913535
1005,6014,4313.0,0.71716
1006,6014,3034.0,0.50448954
1007,6014,2851.0,0.47406054
1008,6014,1749.0,0.2908214
1009,6014,1566.0,0.26039243
1010,6014,2669.0,0.4437978
1011,6014,3663.0,0.6090788
1012,6014,530.0,0.0881277
1013,6014,2048.0,0.34053874
1014,6014,1323.0,0.21998669
1015,6014,2799.0,0.46541405
1016,6014,343.0,0.057033587
1017,6014,1561.0,0.25956103
1018,6014,3437.0,0.5714998
1019,6014,3027.0,0.5033256
1020,6014,1837.0,0.30545393
1021,6014,1776.0,0.29531094
1022,6014,1905.0,0.3167609
1023,6014,384.0,0.063851014
1024,6014,3043.0,0.50598603
1025,6014,2038.0,0.33887595
1026,6014,467.0,0.07765214
1027,6014,1876.0,0.31193882
1028,6014,3335.0,0.5545394
1029,6014,967.0,0.16079149
1030,6014,3423.0,0.5691719
1031,6014,3700.0,0.61523116
1032,6014,3379.0,0.5618557
1033,6014,1375.0,0.2286332
1034,6014,2076.0,0.34519455
1035,6014,3793.0,0.63069504
1036,6014,3162.0,0.52577317
1037,6014,703.0,0.11689392
1038,6014,2818.0,0.46857333
1039,6014,1083.0,0.18007982
1040,6014,2161.0,0.35932824
1041,6014,3344.0,0.55603594
1042,6014,1614.0,0.2683738
1043,6014,376.0,0.06252079
1044,6014,3296.0,0.5480545
1045,6014,3691.0,0.6137346
1046,6014,1152.0,0.19155304
1047,6014,3367.0,0.55986035
1048,6014,958.0,0.15929498
1049,6014,1732.0,0.28799468
1052,6014,977.0,0.16245428
1053,6014,803.0,0.13352178
1054,6014,557.0,0.09261723
1055,6014,526.0,0.08746259
1056,6014,3922.0,0.65214497
1057,6014,2187.0,0.36365148
1061,6014,616.0,0.10242767
1062,6014,4202.0,0.69870305
1063,6014,3617.0,0.60143
1064,6014,1115.0,0.18540072
1065,6014,2363.0,0.39291653
1066,6014,567.0,0.09428001
1067,6014,499.0,0.08297306
1068,6014,2863.0,0.47605586
1069,6014,3713.0,0.6173928
1070,6014,1926.0,0.32025275
1071,6014,3976.0,0.66112405
1072,6014,3483.0,0.57914865
1073,6014,3477.0,0.578151
1074,6014,394.0,0.065513805
1075,6014,2141.0,0.35600266
1076,6014,4803.0,0.7986365
1077,6014,2792.0,0.4642501
1078,6014,2814.0,0.4679082
1079,6014,682.0,0.11340206
1080,6014,3539.0,0.58846027
1081,6014,4090.0,0.6800798
1082,6014,1769.0,0.29414698
1083,6014,2206.0,0.36681077
1084,6014,4705.0,0.7823412
1085,6014,4254.0,0.70734954
1086,6014,1290.0,0.2144995
1087,6014,3945.0,0.6559694
1088,6014,4082.0,0.67874956
1089,6014,1276.0,0.2121716
1090,6014,3991.0,0.6636182
1091,6014,2403.0,0.39956766
1092,6014,1566.0,0.26039243
1093,6014,3157.0,0.5249418
1094,6014,2899.0,0.4820419
1095,6014,742.0,0.12337878
1096,6014,2469.0,0.41054207
1097,6014,3663.0,0.6090788
1098,6014,1917.0,0.31875622
1099,6014,3430.0,0.57033587
1100,6014,1190.0,0.19787163
1101,6014,1198.0,0.19920187
1102,6014,2807.0,0.46674427
1103,6014,1755.0,0.2918191
1104,6014,2795.0,0.46474892
1105,6014,4233.0,0.70385766
1106,6014,1736.0,0.28865978
1108,6014,2516.0,0.41835716
1109,6014,1332.0,0.2214832
1110,6014,1707.0,0.2838377
1111,6014,2214.0,0.368141
1112,6014,3196.0,0.53142667
1113,6014,2600.0,0.4323246
1114,6014,1082.0,0.17991354
1115,6014,2511.0,0.41752577
1116,6014,1241.0,0.20635185
1117,6014,2916.0,0.48486865
1118,6014,2481.0,0.41253743
1119,6014,484.0,0.080478884
1120,6014,3587.0,0.5964416
1121,6014,2322.0,0.3860991
1122,6014,3734.0,0.6208846
1123,6014,2483.0,0.41286996
1124,6014,2132.0,0.35450616
1125,6014,1528.0,0.25407383
1126,6014,1416.0,0.23545061
1127,6014,3751.0,0.62371135
1128,6014,2642.0,0.4393083
1129,6014,2311.0,0.38427004
1130,6014,1461.0,0.24293315
1131,6014,2922.0,0.4858663
1132,6014,688.0,0.11439973
1133,6014,1902.0,0.31626207
1134,6014,4426.0,0.73594946
1135,6014,2943.0,0.48935816
1136,6014,3042.0,0.50581974
1137,6014,2675.0,0.4447955
1138,6014,2750.0,0.4572664
1139,6014,1355.0,0.22530761
1140,6014,894.0,0.14865315
1141,6014,4392.0,0.73029596
1142,6014,2690.0,0.44728965
1143,6014,2174.0,0.36148986
1144,6014,2500.0,0.4156967
1145,6014,1117.0,0.18573329
1146,6014,2375.0,0.3949119
1147,6014,1719.0,0.28583306
1148,6014,1755.0,0.2918191
1149,6014,2614.0,0.43465248
1150,6014,1306.0,0.21715996
1151,6014,2523.0,0.41952112
1152,6014,1866.0,0.31027603
1153,6014,4080.0,0.678417
1154,6014,729.0,0.12121716
1155,6014,2898.0,0.48187563
1156,6014,1182.0,0.1965414
1157,6014,2955.0,0.4913535
1158,6014,586.0,0.09743931
1160,6014,625.0,0.10392418
1161,6014,3486.0,0.5796475
1162,6014,4346.0,0.72264713
1163,6014,1905.0,0.3167609
1164,6014,3256.0,0.5414034
1165,6014,2911.0,0.48403725
1167,6014,1760.0,0.2926505
1168,6014,2782.0,0.4625873
1169,6014,3183.0,0.52926505
1171,6014,3678.0,0.611573
1172,6014,1316.0,0.21882275
1173,6014,2453.0,0.40788162
1174,6014,1216.0,0.20219488
1175,6014,2229.0,0.37063518
1176,6014,3432.0,0.57066846
1178,6014,2867.0,0.476721
1179,6014,757.0,0.12587297
1180,6014,3598.0,0.5982707
1181,6014,3005.0,0.49966744
1183,6014,2745.0,0.456435
1184,6014,4011.0,0.6669438
1185,6014,2632.0,0.4376455
1186,6014,2170.0,0.36082473
1187,6014,870.0,0.14466245
1188,6014,1004.0,0.1669438
1189,6014,2244.0,0.37312937
1190,6014,2734.0,0.4546059
1191,6014,3577.0,0.59477884
1192,6014,2182.0,0.3628201
1193,6014,1151.0,0.19138676
1194,6014,926.0,0.15397406
1195,6014,2290.0,0.3807782
1196,6014,2108.0,0.35051546
1197,6014,416.0,0.069171935
1198,6014,2241.0,0.37263054
1199,6014,2857.0,0.4750582
1200,6014,2866.0,0.4765547
1201,6014,3895.0,0.6476555
1202,6014,2188.0,0.36381775
1203,6014,699.0,0.1162288
1204,6014,4800.0,0.79813766
1205,6014,3725.0,0.6193881
1206,6014,764.0,0.12703691
1207,6014,3100.0,0.5154639
1208,6014,3899.0,0.64832056
1209,6014,2850.0,0.47389424
1210,6014,4007.0,0.66627866
1211,6014,3336.0,0.5547057
1212,6014,3921.0,0.65197873
1214,6014,1380.0,0.22946458
1215,6014,2056.0,0.34186897
1216,6014,4159.0,0.69155306
1217,6014,1861.0,0.30944464
1218,6014,2247.0,0.3736282
1219,6014,524.0,0.08713003
1220,6014,2344.0,0.38975725
1221,6014,2300.0,0.38244098
1222,6014,2104.0,0.34985036
1223,6014,2914.0,0.48453608
1224,6014,2158.0,0.3588294
1225,6014,1341.0,0.22297971
1226,6014,4796.0,0.79747254
1227,6014,3816.0,0.63451946
1228,6014,346.0,0.057532426
1229,6014,3162.0,0.52577317
1230,6014,1571.0,0.26122382
1231,6014,3532.0,0.5872963
1232,6014,3755.0,0.6243765
1233,6014,4410.0,0.733289
1234,6014,1798.0,0.29896906
1235,6014,3821.0,0.6353508
1236,6014,2522.0,0.41935483
1237,6014,2905.0,0.4830396
1238,6014,4393.0,0.73046225
1240,6014,2511.0,0.41752577
1242,6014,2163.0,0.3596608
1243,6014,3639.0,0.6050881
1245,6014,2268.0,0.37712005
1246,6014,1871.0,0.31110743
1247,6014,2744.0,0.4562687
1248,6014,452.0,0.07515796
1249,6014,3074.0,0.51114064
1250,6014,2333.0,0.38792816
1251,6014,3368.0,0.5600266
1252,6014,1586.0,0.26371798
1253,6014,3003.0,0.49933487
1254,6014,565.0,0.093947455
1255,6014,1973.0,0.32806784
1256,6014,3213.0,0.5342534
1257,6014,2873.0,0.47771865
1258,6014,3920.0,0.65181243
1259,6014,973.0,0.16178916
1260,6014,3321.0,0.5522115
1261,6014,1203.0,0.20003326
1262,6014,1342.0,0.22314599
1263,6014,3827.0,0.63634855
1264,6014,1840.0,0.3059528
1265,6014,1929.0,0.32075158
1266,6014,2128.0,0.35384104
1267,6014,3120.0,0.51878947
1268,6014,3683.0,0.6124044
1269,6014,2449.0,0.4072165
1270,6014,2329.0,0.38726306
1271,6014,3283.0,0.5458929
1273,6014,3851.0,0.6403392
1274,6014,3716.0,0.6178916
1275,6014,2555.0,0.42484203
1277,6014,1226.0,0.20385766
1278,6014,2590.0,0.4306618
1279,6014,2403.0,0.39956766
1280,6014,525.0,0.08729631
1281,6014,2545.0,0.42317924
1282,6014,1655.0,0.27519122
1283,6014,3419.0,0.56850684
1284,6014,889.0,0.14782175
1285,6014,979.0,0.16278683
1286,6014,3095.0,0.5146325
1287,6014,3401.0,0.5655138
1288,6014,1709.0,0.28417027
1289,6014,2729.0,0.4537745
1290,6014,1041.0,0.1730961
1292,6014,3055.0,0.50798136
1293,6014,3649.0,0.6067509
1294,6014,2743.0,0.45610243
1295,6014,1993.0,0.33139342
1296,6014,3470.0,0.576987
1297,6014,628.0,0.10442302
1298,6014,1622.0,0.269704
1299,6014,3225.0,0.53624874
1300,6014,2605.0,0.43315598
1301,6014,2547.0,0.4235118
1302,6014,3981.0,0.6619554
1303,6014,3773.0,0.62736946
1304,6014,2637.0,0.4384769
1305,6014,3187.0,0.5299302
1306,6014,2456.0,0.40838045
1307,6014,2355.0,0.3915863
1308,6014,2605.0,0.43315598
1309,6014,1886.0,0.31360158
1310,6014,3475.0,0.57781845
1311,6014,3339.0,0.5552045
1312,6014,412.0,0.068506815
1313,6014,883.0,0.14682408
1314,6014,3461.0,0.57549053
1315,6014,4362.0,0.72530764
1316,6014,1983.0,0.32973063
1317,6014,2189.0,0.36398405
1318,6014,2887.0,0.48004657
1319,6014,627.0,0.104256734
