run_name,model_kind,prior_name,status,n_models,n_items,n_families,n_obs,train_obs,holdout_obs,steps,batch_size,seed,run_dir,error,final_loss,min_loss,tail_100_loss_mean,train_n_obs,train_log_likelihood,train_mean_log_likelihood,train_brier,train_accuracy_0_5,train_observed_mean,train_predicted_mean,holdout_n_obs,holdout_log_likelihood,holdout_mean_log_likelihood,holdout_brier,holdout_accuracy_0_5,holdout_observed_mean,holdout_predicted_mean,elapsed_seconds
1pl__baseline,1pl,baseline,ok,6014,1214,5233,7300996,6570896,730100,1000,50000,123,bayes_irt_all_items_suite_outputs/1pl__baseline,,2494794.735595703,2443026.5590820312,2492541.8998779296,6570896,-2454200.25,-0.37349551916122437,0.11859525740146637,0.8309987187385559,0.4049103856086731,0.4052584767341614,730100,-273023.53125,-0.37395361065864563,0.11870774626731873,0.8308410048484802,0.40364333987236023,0.40454766154289246,94.90690112113953
1pl__tight_difficulty,1pl,tight_difficulty,ok,6014,1214,5233,7300996,6570896,730100,1000,50000,123,bayes_irt_all_items_suite_outputs/1pl__tight_difficulty,,2495108.5158691406,2443400.1293945312,2492883.9393579103,6570896,-2454230.75,-0.37350016832351685,0.11859969049692154,0.8309903144836426,0.4049103856086731,0.40532413125038147,730100,-273025.875,-0.3739568293094635,0.11871197819709778,0.8308245539665222,0.40364333987236023,0.4046134054660797,84.77432608604431
1pl__wide_difficulty,1pl,wide_difficulty,ok,6014,1214,5233,7300996,6570896,730100,1000,50000,123,bayes_irt_all_items_suite_outputs/1pl__wide_difficulty,,2495071.093017578,2443292.3735351562,2492813.106386719,6570896,-2454195.25,-0.3734947741031647,0.1185944601893425,0.8310034275054932,0.4049103856086731,0.4052461087703705,730100,-273023.125,-0.37395304441452026,0.11870697140693665,0.8308410048484802,0.40364333987236023,0.4045352637767792,105.9937629699707
hier_1pl__baseline,hier_1pl,baseline,ok,6014,1214,5233,7300996,6570896,730100,1000,50000,123,bayes_irt_all_items_suite_outputs/hier_1pl__baseline,,2463861.175492123,2435487.480309956,2477898.028641269,6570896,-2453903.75,-0.3734503984451294,0.11860267072916031,0.830620527267456,0.4049103856086731,0.4051430821418762,730100,-272928.71875,-0.37382376194000244,0.11867102235555649,0.8304451704025269,0.40364333987236023,0.4044477939605713,92.42775011062622
hier_1pl__tight_difficulty,hier_1pl,tight_difficulty,ok,6014,1214,5233,7300996,6570896,730100,1000,50000,123,bayes_irt_all_items_suite_outputs/hier_1pl__tight_difficulty,,2464230.827070117,2435844.6942712218,2478253.816157613,6570896,-2453907.0,-0.37345090508461,0.11860662698745728,0.8306089639663696,0.4049103856086731,0.4052060544490814,730100,-272927.9375,-0.3738226890563965,0.11867473274469376,0.830427348613739,0.40364333987236023,0.4045107662677765,88.97737789154053
hier_1pl__wide_difficulty,hier_1pl,wide_difficulty,ok,6014,1214,5233,7300996,6570896,730100,1000,50000,123,bayes_irt_all_items_suite_outputs/hier_1pl__wide_difficulty,,2464126.9678599387,2435756.524890542,2478166.6185474177,6570896,-2453903.75,-0.3734503984451294,0.11860194802284241,0.8306229710578918,0.4049103856086731,0.40513119101524353,730100,-272928.875,-0.37382397055625916,0.11867034435272217,0.8304547071456909,0.40364333987236023,0.4044358730316162,80.25784516334534
2pl__baseline,2pl,baseline,ok,6014,1214,5233,7300996,6570896,730100,1000,50000,123,bayes_irt_all_items_suite_outputs/2pl__baseline,,2408822.3256225586,2375195.4186401367,2416414.7794268797,6570896,-2382615.0,-0.36260122060775757,0.1159391850233078,0.8323747515678406,0.4049103856086731,0.4057512581348419,730100,-265214.6875,-0.36325803399086,0.11608528345823288,0.8319367170333862,0.40364333987236023,0.40507301688194275,80.21696472167969
2pl__tight_difficulty,2pl,tight_difficulty,ok,6014,1214,5233,7300996,6570896,730100,1000,50000,123,bayes_irt_all_items_suite_outputs/2pl__tight_difficulty,,2408572.037841797,2374963.797973633,2416146.5949584963,6570896,-2382709.0,-0.36261552572250366,0.11594493687152863,0.8323744535446167,0.4049103856086731,0.4057827591896057,730100,-265226.21875,-0.36327382922172546,0.11609139293432236,0.8319284915924072,0.40364333987236023,0.405104398727417,77.13033127784729
2pl__wide_difficulty,2pl,wide_difficulty,ok,6014,1214,5233,7300996,6570896,730100,1000,50000,123,bayes_irt_all_items_suite_outputs/2pl__wide_difficulty,,2409203.597290039,2375573.0859375,2416799.216697388,6570896,-2382597.5,-0.36259856820106506,0.11593812704086304,0.8323741555213928,0.4049103856086731,0.40574535727500916,730100,-265212.5625,-0.363255113363266,0.11608416587114334,0.8319339752197266,0.40364333987236023,0.4050671458244324,77.4588029384613
2pl__tight_discrimination,2pl,tight_discrimination,ok,6014,1214,5233,7300996,6570896,730100,1000,50000,123,bayes_irt_all_items_suite_outputs/2pl__tight_discrimination,,2409658.3795776367,2375977.0463867188,2417237.987723999,6570896,-2382077.5,-0.36251944303512573,0.11591310799121857,0.8324414491653442,0.4049103856086731,0.40577107667922974,730100,-265144.9375,-0.36316248774528503,0.11605598777532578,0.8319887518882751,0.40364333987236023,0.40509432554244995,77.7146577835083
2pl__wide_discrimination,2pl,wide_discrimination,ok,6014,1214,5233,7300996,6570896,730100,1000,50000,123,bayes_irt_all_items_suite_outputs/2pl__wide_discrimination,,2408831.881225586,2375225.6911621094,2416431.276237183,6570896,-2382831.5,-0.36263418197631836,0.11594965308904648,0.8323678970336914,0.4049103856086731,0.40574416518211365,730100,-265242.5625,-0.3632962107658386,0.11609701067209244,0.8319161534309387,0.40364333987236023,0.4050653874874115,79.67268776893616
hier_2pl__baseline,hier_2pl,baseline,ok,6014,1214,5233,7300996,6570896,730100,1000,50000,123,bayes_irt_all_items_suite_outputs/hier_2pl__baseline,,2406815.9095439464,2370135.8380174637,2417865.4672366614,6570896,-2382686.0,-0.3626120388507843,0.11592841893434525,0.83234703540802,0.4049103856086731,0.4054594039916992,730100,-265016.0,-0.36298587918281555,0.11599308252334595,0.8323476314544678,0.40364333987236023,0.40472036600112915,73.66952013969421
hier_2pl__tight_difficulty,hier_2pl,tight_difficulty,ok,6014,1214,5233,7300996,6570896,730100,1000,50000,123,bayes_irt_all_items_suite_outputs/hier_2pl__tight_difficulty,,2406581.388248235,2369872.589651093,2417613.5552931945,6570896,-2382789.5,-0.3626278042793274,0.11593469977378845,0.8323419094085693,0.4049103856086731,0.4054945409297943,730100,-265028.15625,-0.3630025386810303,0.11599947512149811,0.8323256969451904,0.40364333987236023,0.404755562543869,74.2842812538147
hier_2pl__wide_difficulty,hier_2pl,wide_difficulty,ok,6014,1214,5233,7300996,6570896,730100,1000,50000,123,bayes_irt_all_items_suite_outputs/hier_2pl__wide_difficulty,,2407194.0605181605,2370519.4030397683,2418246.838188978,6570896,-2382667.0,-0.3626091480255127,0.11592725664377213,0.8323482871055603,0.4049103856086731,0.40545281767845154,730100,-265013.8125,-0.3629828989505768,0.11599189043045044,0.8323476314544678,0.40364333987236023,0.4047137498855591,74.30479598045349
hier_2pl__tight_discrimination,hier_2pl,tight_discrimination,ok,6014,1214,5233,7300996,6570896,730100,1000,50000,123,bayes_irt_all_items_suite_outputs/hier_2pl__tight_discrimination,,2407413.844275221,2370981.5705771595,2418447.7499615196,6570896,-2382117.0,-0.36252543330192566,0.11589965224266052,0.8323925733566284,0.4049103856086731,0.4054422974586487,730100,-264948.3125,-0.3628931939601898,0.11596409231424332,0.8324010372161865,0.40364333987236023,0.40470218658447266,76.88518190383911
hier_2pl__wide_discrimination,hier_2pl,wide_discrimination,ok,6014,1214,5233,7300996,6570896,730100,1000,50000,123,bayes_irt_all_items_suite_outputs/hier_2pl__wide_discrimination,,2406901.6732130796,2370139.3655196056,2417960.692483325,6570896,-2382915.25,-0.3626469373703003,0.11594001203775406,0.8323314189910889,0.4049103856086731,0.4054667055606842,730100,-265043.1875,-0.36302313208580017,0.1160048097372055,0.8323215842247009,0.40364333987236023,0.4047280251979828,73.85023999214172
sparse_3pl__baseline,sparse_3pl,baseline,ok,6014,1214,5233,7300996,6570896,730100,1000,50000,123,bayes_irt_all_items_suite_outputs/sparse_3pl__baseline,,2412812.206970215,2365202.91998291,2420072.9479974364,6570896,-2378552.5,-0.36198297142982483,0.11562537401914597,0.832776665687561,0.4049103856086731,0.40536993741989136,730100,-264682.15625,-0.36252862215042114,0.11575295031070709,0.8323490023612976,0.40364333987236023,0.4046124219894409,72.9370608329773
sparse_3pl__tight_difficulty,sparse_3pl,tight_difficulty,ok,6014,1214,5233,7300996,6570896,730100,1000,50000,123,bayes_irt_all_items_suite_outputs/sparse_3pl__tight_difficulty,,2412508.444213867,2364861.7529296875,2419752.7087731934,6570896,-2378630.75,-0.3619948923587799,0.11563098430633545,0.8327704668045044,0.4049103856086731,0.40538954734802246,730100,-264691.59375,-0.3625415563583374,0.11575871706008911,0.8323407769203186,0.40364333987236023,0.40463167428970337,71.56228303909302
sparse_3pl__wide_difficulty,sparse_3pl,wide_difficulty,ok,6014,1214,5233,7300996,6570896,730100,1000,50000,123,bayes_irt_all_items_suite_outputs/sparse_3pl__wide_difficulty,,2413203.263366699,2365601.4481811523,2420467.193609619,6570896,-2378538.0,-0.36198076605796814,0.11562434583902359,0.832778811454773,0.4049103856086731,0.4053662419319153,730100,-264680.40625,-0.3625262379646301,0.11575188487768173,0.8323558568954468,0.40364333987236023,0.4046087861061096,75.17180013656616
sparse_3pl__tight_discrimination,sparse_3pl,tight_discrimination,ok,6014,1214,5233,7300996,6570896,730100,1000,50000,123,bayes_irt_all_items_suite_outputs/sparse_3pl__tight_discrimination,,2412842.00982666,2366211.1205444336,2420601.0576452636,6570896,-2377379.25,-0.36180442571640015,0.11558417975902557,0.8328282833099365,0.4049103856086731,0.40546759963035583,730100,-264542.0,-0.362336665391922,0.11571113765239716,0.8323955535888672,0.40364333987236023,0.4047129154205322,73.98983335494995
sparse_3pl__wide_discrimination,sparse_3pl,wide_discrimination,ok,6014,1214,5233,7300996,6570896,730100,1000,50000,123,bayes_irt_all_items_suite_outputs/sparse_3pl__wide_discrimination,,2412893.094543457,2365277.797729492,2420322.969968872,6570896,-2379188.5,-0.36207976937294006,0.11564705520868301,0.8327672481536865,0.4049103856086731,0.40534132719039917,730100,-264763.125,-0.36263954639434814,0.11578014492988586,0.8323010802268982,0.40364333987236023,0.40458738803863525,72.37670564651489
sparse_3pl__very_sparse_c,sparse_3pl,very_sparse_c,ok,6014,1214,5233,7300996,6570896,730100,1000,50000,123,bayes_irt_all_items_suite_outputs/sparse_3pl__very_sparse_c,,2432407.202331543,2378396.0150756836,2419774.6443365477,6570896,-2378199.5,-0.3619292676448822,0.11563323438167572,0.8328304290771484,0.4049103856086731,0.40575459599494934,730100,-264592.28125,-0.36240553855895996,0.1157173365354538,0.832711935043335,0.40364333987236023,0.4049683213233948,80.0053219795227
sparse_3pl__less_sparse_c,sparse_3pl,less_sparse_c,ok,6014,1214,5233,7300996,6570896,730100,1000,50000,123,bayes_irt_all_items_suite_outputs/sparse_3pl__less_sparse_c,,2442752.966003418,2369819.4837646484,2418589.4505981444,6570896,-2378141.75,-0.36192047595977783,0.11556926369667053,0.833138108253479,0.4049103856086731,0.4058298170566559,730100,-264576.0,-0.36238324642181396,0.1156899631023407,0.8327599167823792,0.40364333987236023,0.40502485632896423,88.74102878570557
dmixture_2pl__baseline,dmixture_2pl,baseline,ok,6014,1214,5233,7300996,6570896,730100,1000,50000,123,bayes_irt_all_items_suite_outputs/dmixture_2pl__baseline,,2380265.233152181,2317754.404340744,2359053.598949248,6570896,-2301774.5,-0.3502984344959259,0.111534483730793,0.8392713665962219,0.4049103856086731,0.4036386013031006,730100,-256840.21875,-0.3517877161502838,0.11201918125152588,0.8385125398635864,0.40364333987236023,0.40293726325035095,100.77524709701538
dmixture_2pl__tight_difficulty,dmixture_2pl,tight_difficulty,ok,6014,1214,5233,7300996,6570896,730100,1000,50000,123,bayes_irt_all_items_suite_outputs/dmixture_2pl__tight_difficulty,,2380309.311169952,2317712.0289138258,2359047.604881026,6570896,-2301913.75,-0.35031962394714355,0.11154130101203918,0.8392663598060608,0.4049103856086731,0.4036475419998169,730100,-256856.03125,-0.35180938243865967,0.11202564090490341,0.8385043144226074,0.40364333987236023,0.40294599533081055,97.96618127822876
dmixture_2pl__wide_difficulty,dmixture_2pl,wide_difficulty,ok,6014,1214,5233,7300996,6570896,730100,1000,50000,123,bayes_irt_all_items_suite_outputs/dmixture_2pl__wide_difficulty,,2380587.735800892,2318094.9911603034,2359386.49152461,6570896,-2301748.5,-0.35029447078704834,0.11153323203325272,0.8392713665962219,0.4049103856086731,0.4036368429660797,730100,-256837.296875,-0.35178372263908386,0.11201798170804977,0.8385221362113953,0.40364333987236023,0.4029355049133301,98.4894049167633
dmixture_2pl__tight_discrimination,dmixture_2pl,tight_discrimination,ok,6014,1214,5233,7300996,6570896,730100,1000,50000,123,bayes_irt_all_items_suite_outputs/dmixture_2pl__tight_discrimination,,2382357.191378534,2321592.378207326,2362078.598649713,6570896,-2301775.0,-0.3502984941005707,0.11152993887662888,0.8392764329910278,0.4049103856086731,0.40384984016418457,730100,-256837.125,-0.35178348422050476,0.11201560497283936,0.8384727835655212,0.40364333987236023,0.403166264295578,100.04050397872925
dmixture_2pl__wide_discrimination,dmixture_2pl,wide_discrimination,ok,6014,1214,5233,7300996,6570896,730100,1000,50000,123,bayes_irt_all_items_suite_outputs/dmixture_2pl__wide_discrimination,,2379756.825907707,2316622.076486349,2358017.1114680786,6570896,-2301833.0,-0.35030731558799744,0.11153730750083923,0.8392581343650818,0.4049103856086731,0.4035663902759552,730100,-256855.796875,-0.3518090546131134,0.11202351003885269,0.8385440111160278,0.40364333987236023,0.4028629660606384,98.51538920402527
dmixture_2pl__rare_contamination,dmixture_2pl,rare_contamination,ok,6014,1214,5233,7300996,6570896,730100,1000,50000,123,bayes_irt_all_items_suite_outputs/dmixture_2pl__rare_contamination,,2380275.1392939985,2317765.0024223924,2359063.7822482106,6570896,-2301774.75,-0.3502984642982483,0.11153450608253479,0.8392715454101562,0.4049103856086731,0.40363845229148865,730100,-256840.21875,-0.3517877161502838,0.11201918870210648,0.8385125398635864,0.40364333987236023,0.4029370844364166,101.44634199142456
dmixture_2pl__moderate_contamination,dmixture_2pl,moderate_contamination,ok,6014,1214,5233,7300996,6570896,730100,1000,50000,123,bayes_irt_all_items_suite_outputs/dmixture_2pl__moderate_contamination,,2380261.1802400053,2317750.4624029696,2359049.5876660193,6570896,-2301774.5,-0.3502984344959259,0.111534483730793,0.8392716646194458,0.4049103856086731,0.4036387503147125,730100,-256840.21875,-0.3517877161502838,0.11201916635036469,0.8385125398635864,0.40364333987236023,0.4029373526573181,99.45593285560608
dmixture_2pl__tau_95,dmixture_2pl,tau_95,ok,6014,1214,5233,7300996,6570896,730100,1000,50000,123,bayes_irt_all_items_suite_outputs/dmixture_2pl__tau_95,,2384389.9158979952,2321201.375378132,2361101.883293253,6570896,-2303993.75,-0.35063615441322327,0.1116006076335907,0.8391514420509338,0.4049103856086731,0.4033655822277069,730100,-257137.375,-0.35219472646713257,0.11211372911930084,0.8383235335350037,0.40364333987236023,0.40268319845199585,100.3176851272583
dmixture_2pl__tau_999,dmixture_2pl,tau_999,ok,6014,1214,5233,7300996,6570896,730100,1000,50000,123,bayes_irt_all_items_suite_outputs/dmixture_2pl__tau_999,,2379735.494792044,2318473.1682474017,2358963.818947029,6570896,-2301651.75,-0.3502797484397888,0.1115371361374855,0.8392379283905029,0.4049103856086731,0.4035632908344269,730100,-256810.59375,-0.35174715518951416,0.11200954020023346,0.8384084105491638,0.40364333987236023,0.4028667211532593,101.50896406173706
dmixture_2pl__tight_exposure,dmixture_2pl,tight_exposure,ok,6014,1214,5233,7300996,6570896,730100,1000,50000,123,bayes_irt_all_items_suite_outputs/dmixture_2pl__tight_exposure,,2380276.9899843037,2317765.152888119,2359065.016152464,6570896,-2301776.0,-0.3502986431121826,0.11153458058834076,0.839271068572998,0.4049103856086731,0.40363866090774536,730100,-256840.34375,-0.35178789496421814,0.11201924085617065,0.8385152816772461,0.40364333987236023,0.40293726325035095,100.17182326316833
dmixture_2pl__wide_exposure,dmixture_2pl,wide_exposure,ok,6014,1214,5233,7300996,6570896,730100,1000,50000,123,bayes_irt_all_items_suite_outputs/dmixture_2pl__wide_exposure,,2380262.5688757896,2317752.6160895526,2359051.4153115344,6570896,-2301774.0,-0.35029834508895874,0.11153445392847061,0.8392718434333801,0.4049103856086731,0.4036386013031006,730100,-256840.171875,-0.35178765654563904,0.11201915889978409,0.8385139107704163,0.40364333987236023,0.40293723344802856,96.69067692756653
dmixture_family_2pl__baseline,dmixture_family_2pl,baseline,ok,6014,1214,5233,7300996,6570896,730100,1000,50000,123,bayes_irt_all_items_suite_outputs/dmixture_family_2pl__baseline,,2352004.7430209294,2314676.144265525,2361266.0056774104,6570896,-2300430.0,-0.350093811750412,0.11158812046051025,0.8391962051391602,0.4049103856086731,0.4037654399871826,730100,-256744.28125,-0.35165631771087646,0.11206652969121933,0.8385331034660339,0.40364333987236023,0.4031011462211609,106.4849579334259
dmixture_family_2pl__tight_difficulty,dmixture_family_2pl,tight_difficulty,ok,6014,1214,5233,7300996,6570896,730100,1000,50000,123,bayes_irt_all_items_suite_outputs/dmixture_family_2pl__tight_difficulty,,2352068.0759389475,2314731.8026532903,2361301.692271244,6570896,-2300586.5,-0.35011762380599976,0.11159602552652359,0.8391832709312439,0.4049103856086731,0.40379005670547485,730100,-256761.0,-0.3516792356967926,0.11207374930381775,0.8385193943977356,0.40364333987236023,0.40312516689300537,102.19919896125793
dmixture_family_2pl__wide_difficulty,dmixture_family_2pl,wide_difficulty,ok,6014,1214,5233,7300996,6570896,730100,1000,50000,123,bayes_irt_all_items_suite_outputs/dmixture_family_2pl__wide_difficulty,,2352323.9509483203,2314996.2468214035,2361590.5672617136,6570896,-2300401.25,-0.350089430809021,0.11158667504787445,0.8391931653022766,0.4049103856086731,0.40376076102256775,730100,-256741.203125,-0.3516521155834198,0.11206518858671188,0.8385385274887085,0.40364333987236023,0.40309661626815796,103.81067490577698
dmixture_family_2pl__tight_discrimination,dmixture_family_2pl,tight_discrimination,ok,6014,1214,5233,7300996,6570896,730100,1000,50000,123,bayes_irt_all_items_suite_outputs/dmixture_family_2pl__tight_discrimination,,2355333.3236028403,2317344.5923758373,2364261.188522394,6570896,-2300683.0,-0.3501323163509369,0.11161381006240845,0.8391797542572021,0.4049103856086731,0.40385907888412476,730100,-256761.5,-0.3516799211502075,0.11209412664175034,0.8384782671928406,0.40364333987236023,0.40318650007247925,105.33050203323364
dmixture_family_2pl__wide_discrimination,dmixture_family_2pl,wide_discrimination,ok,6014,1214,5233,7300996,6570896,730100,1000,50000,123,bayes_irt_all_items_suite_outputs/dmixture_family_2pl__wide_discrimination,,2351114.3261448294,2313567.5549443513,2360217.987704365,6570896,-2300405.0,-0.35008999705314636,0.1115858405828476,0.8392099142074585,0.4049103856086731,0.403755247592926,730100,-256743.984375,-0.3516559302806854,0.11206451803445816,0.8385344743728638,0.40364333987236023,0.4030897617340088,103.62311220169067
dmixture_family_2pl__rare_contamination,dmixture_family_2pl,rare_contamination,ok,6014,1214,5233,7300996,6570896,730100,1000,50000,123,bayes_irt_all_items_suite_outputs/dmixture_family_2pl__rare_contamination,,2352014.906166196,2314686.046000868,2361276.2341110525,6570896,-2300430.25,-0.3500938415527344,0.11158812046051025,0.8391969799995422,0.4049103856086731,0.4037652611732483,730100,-256744.3125,-0.35165637731552124,0.11206655204296112,0.8385331034660339,0.40364333987236023,0.40310099720954895,100.87930917739868
dmixture_family_2pl__moderate_contamination,dmixture_family_2pl,moderate_contamination,ok,6014,1214,5233,7300996,6570896,730100,1000,50000,123,bayes_irt_all_items_suite_outputs/dmixture_family_2pl__moderate_contamination,,2352000.755625017,2314671.6630987823,2361261.9402261344,6570896,-2300430.0,-0.350093811750412,0.11158812046051025,0.8391960263252258,0.4049103856086731,0.40376555919647217,730100,-256744.25,-0.3516562879085541,0.11206652969121933,0.8385331034660339,0.40364333987236023,0.4031013250350952,106.00446796417236
dmixture_family_2pl__tau_95,dmixture_family_2pl,tau_95,ok,6014,1214,5233,7300996,6570896,730100,1000,50000,123,bayes_irt_all_items_suite_outputs/dmixture_family_2pl__tau_95,,2352572.9046743736,2315004.7841878235,2361677.8824450737,6570896,-2300948.25,-0.35017266869544983,0.11154898256063461,0.8392726182937622,0.4049103856086731,0.4033311903476715,730100,-256824.625,-0.3517663776874542,0.11206711828708649,0.8386495113372803,0.40364333987236023,0.40263405442237854,101.91484689712524
dmixture_family_2pl__tau_999,dmixture_family_2pl,tau_999,ok,6014,1214,5233,7300996,6570896,730100,1000,50000,123,bayes_irt_all_items_suite_outputs/dmixture_family_2pl__tau_999,,2353772.1023670584,2316047.3669497073,2362568.3425429384,6570896,-2302043.0,-0.35033929347991943,0.11165224760770798,0.8391278982162476,0.4049103856086731,0.4036533236503601,730100,-256942.15625,-0.35192734003067017,0.11212562769651413,0.8385125398635864,0.40364333987236023,0.40297630429267883,105.11776113510132
dmixture_family_2pl__tight_exposure,dmixture_family_2pl,tight_exposure,ok,6014,1214,5233,7300996,6570896,730100,1000,50000,123,bayes_irt_all_items_suite_outputs/dmixture_family_2pl__tight_exposure,,2352013.2938398793,2314683.3787356615,2361273.8208043515,6570896,-2300431.5,-0.3500940501689911,0.11158818006515503,0.8391962051391602,0.4049103856086731,0.4037655293941498,730100,-256744.40625,-0.3516564965248108,0.11206657439470291,0.8385331034660339,0.40364333987236023,0.4031013250350952,102.75147700309753
dmixture_family_2pl__wide_exposure,dmixture_family_2pl,wide_exposure,ok,6014,1214,5233,7300996,6570896,730100,1000,50000,123,bayes_irt_all_items_suite_outputs/dmixture_family_2pl__wide_exposure,,2352003.5645661727,2314674.980667293,2361265.032320715,6570896,-2300430.0,-0.350093811750412,0.11158809065818787,0.8391963839530945,0.4049103856086731,0.4037654399871826,730100,-256744.25,-0.3516562879085541,0.11206652224063873,0.8385331034660339,0.40364333987236023,0.4031011462211609,102.40208697319031
