step,loss
1,4590455.314278088
2,4522366.890606562
3,4444723.5225905925
4,4374044.35638237
5,4310576.936644241
6,4257000.535628408
7,4192479.711172372
8,4124701.7708841264
9,4081517.4804895967
10,4013259.134265214
11,3963499.042123586
12,3912598.514936596
13,3872205.2668317854
14,3810277.334990412
15,3765898.349949509
16,3733664.213153258
17,3680660.080565989
18,3647781.9411861897
19,3603183.820306957
20,3559119.0507826805
21,3534558.6252839565
22,3507460.0677618384
23,3467807.8340969086
24,3439030.5657581687
25,3393175.27749753
26,3370487.0339553356
27,3332858.3260011673
28,3316267.990673721
29,3305214.9127618074
30,3264828.175416112
31,3252079.6389600635
32,3221964.957666695
33,3201176.2127935886
34,3175600.919804573
35,3161253.38781327
36,3143396.7623806
37,3121710.8210086823
38,3105888.3234746456
39,3088231.26073575
40,3063699.943404019
41,3050445.590891838
42,3035104.922004223
43,3022456.5000701547
44,3003237.8403899074
45,2994423.7253002524
46,2991996.288964808
47,2973685.202375412
48,2937913.48193717
49,2943537.3909946084
50,2924732.974567771
51,2935359.471320927
52,2898921.332002282
53,2905870.3590825796
54,2885055.0903626084
55,2890915.9051143527
56,2865451.5316907763
57,2860647.3242447376
58,2857821.395224929
59,2840687.418040335
60,2840336.7550121546
61,2823120.788987577
62,2808169.2286975384
63,2806914.852046728
64,2796200.8646687865
65,2789903.490342766
66,2786954.8016339242
67,2805663.503749341
68,2789606.650194496
69,2768456.246848941
70,2777855.5621465445
71,2755446.160121143
72,2760443.1711564064
73,2751555.12098068
74,2730813.2341373265
75,2730446.7550771534
76,2730416.781991422
77,2738013.5386859477
78,2725211.805121094
79,2699799.3790602684
80,2726066.2429340035
81,2718466.7386143357
82,2709272.6218301505
83,2684655.770252347
84,2697343.730101913
85,2665065.95130945
86,2701049.5536722243
87,2681470.6127559543
88,2668476.606206313
89,2680005.4590280578
90,2651390.041952446
91,2676488.1132605
92,2653830.579235032
93,2649921.4756086767
94,2658155.924427554
95,2665610.03760013
96,2633410.426383078
97,2650029.603294261
98,2644064.537584331
99,2638349.4119456857
100,2633054.5642846674
101,2643608.180572413
102,2637801.0118528306
103,2613426.20928254
104,2616927.353576556
105,2623928.7128044404
106,2600291.254971776
107,2632048.809636697
108,2615939.3634301126
109,2617312.641830124
110,2609601.2194685712
111,2629763.5289081633
112,2621781.4091118574
113,2614349.9903329313
114,2587754.2926918417
115,2593991.7037540153
116,2598113.985719055
117,2595132.8374445736
118,2588278.9818294644
119,2613632.215585083
120,2588428.574058488
121,2599022.808955312
122,2593192.3415286243
123,2578893.4961976856
124,2601320.8439909667
125,2578824.764252037
126,2574143.565680325
127,2573168.4696572423
128,2576681.648086652
129,2573969.19053784
130,2582939.393024355
131,2593159.885171458
132,2585441.7611936927
133,2564108.028236553
134,2558492.278180152
135,2571435.889765069
136,2554438.2546048462
137,2577711.9362061024
138,2563464.6287819445
139,2561009.071899116
140,2550014.4391458333
141,2574798.192069441
142,2579105.534613356
143,2540037.025074601
144,2565801.112834543
145,2552191.7438626587
146,2557526.6758395135
147,2548107.377469361
148,2526849.0588834286
149,2560495.1109395623
150,2536645.7258957326
151,2541825.513707578
152,2549701.7537293434
153,2550768.9222072363
154,2581576.267309457
155,2539647.523271799
156,2538198.797394097
157,2555202.703685701
158,2544555.3300023675
159,2537461.2399645597
160,2535706.8127907217
161,2527445.370223969
162,2541870.987884879
163,2553066.1831446886
164,2526185.456512809
165,2524942.316156268
166,2519539.0729685426
167,2542149.412264079
168,2540821.3544263244
169,2549106.726167381
170,2531829.247146368
171,2548907.9562729895
172,2529877.0647618473
173,2547244.760281056
174,2550100.639190465
175,2534064.6784407496
176,2541325.0936208367
177,2534955.841819197
178,2550582.2793013453
179,2531100.1860878766
180,2487658.5685883462
181,2536024.1216745973
182,2521190.527458757
183,2542003.300700128
184,2503586.188513577
185,2518796.781645745
186,2534235.4352038205
187,2530220.380350262
188,2530464.2561701834
189,2505342.517209977
190,2512594.280590236
191,2529091.9586794376
192,2514524.628693253
193,2540724.760243386
194,2527375.658882767
195,2484639.885482937
196,2504806.22469154
197,2493044.2266308367
198,2506737.255872488
199,2497252.0971208513
200,2523691.4565133452
201,2539187.077751428
202,2519345.0177299976
203,2518557.528666407
204,2515889.125293106
205,2517400.299478352
206,2485314.461330205
207,2507026.754802108
208,2504676.1889065206
209,2489017.6390872896
210,2495656.7008945644
211,2488006.653766334
212,2507862.9293961525
213,2475695.5289880335
214,2516317.36408785
215,2502425.971949607
216,2504915.2409888804
217,2531935.8375225663
218,2529405.9943918884
219,2486522.1051597595
220,2496266.8671815097
221,2510776.86881423
222,2522729.1641655564
223,2513895.601320982
224,2508164.981787592
225,2502178.624961376
226,2498887.849157572
227,2517865.051966548
228,2520127.9141819477
229,2517469.995586127
230,2505204.7851934135
231,2502427.726282418
232,2527996.100357175
233,2507967.6464148164
234,2517501.251541376
235,2491943.3247825205
236,2493668.8227315545
237,2503775.085889101
238,2498759.4851497114
239,2532529.808997065
240,2514357.085156977
241,2523232.6440048814
242,2481936.477499366
243,2493261.376463145
244,2498256.4509280026
245,2554656.573720336
246,2500481.725463867
247,2494034.1506173313
248,2503958.2353975475
249,2483904.638019502
250,2519884.3328645825
251,2488125.5788757503
252,2478944.2815612257
253,2478210.712959826
254,2512228.563437909
255,2504088.663951963
256,2500515.5616114736
257,2515725.0342134237
258,2498000.8103105426
259,2488099.8834641874
260,2503072.1160910726
261,2502624.815274775
262,2505308.928229362
263,2492886.2201793194
264,2492213.336957574
265,2509437.6482711136
266,2503401.3133278787
267,2491541.528114885
268,2495778.85107854
269,2473010.6656212807
270,2489224.4024205804
271,2494917.891323209
272,2492687.773535013
273,2485027.7445493042
274,2512208.2481420934
275,2496927.626448393
276,2467522.0708759427
277,2510288.3800643384
278,2492928.851473868
279,2477360.2304776013
280,2503704.0173993707
281,2506256.121103883
282,2465762.0564661324
283,2469609.2235414386
284,2487780.8760873377
285,2461738.0313165486
286,2484521.9147027135
287,2482821.692579001
288,2473492.066006154
289,2475080.6513640285
290,2504075.9908563793
291,2490008.48233369
292,2461332.3250059485
293,2497237.2899576724
294,2495546.611071795
295,2487304.6158728898
296,2473234.9016960263
297,2506750.1551936865
298,2466984.2169801593
299,2485596.8057023585
300,2471779.878066331
301,2491912.2308436036
302,2490670.312579423
303,2512650.2272577584
304,2539178.030981481
305,2490378.5218946636
306,2501346.572801113
307,2477424.713799447
308,2496463.0085507035
309,2486197.495813638
310,2474179.2233665884
311,2494299.6102738976
312,2499631.7752158046
313,2481228.4284074605
314,2468169.0204187334
315,2511194.1842612177
316,2488992.6321702003
317,2510469.9403238893
318,2490084.5828220695
319,2462861.5039948225
320,2502114.1842575967
321,2489547.0256647766
322,2480271.5444834232
323,2487783.244247079
324,2503832.72987628
325,2457347.4659481943
326,2518927.180285603
327,2472651.8534278274
328,2500457.5067993402
329,2479924.3413060904
330,2467666.9578967392
331,2534071.430016637
332,2501607.2051935196
333,2492113.4389870763
334,2480522.6756290793
335,2487335.200920999
336,2517959.7168761343
337,2485919.8700969517
338,2481964.855825633
339,2489560.7829166353
340,2530113.418857932
341,2470566.2623413354
342,2493532.838785529
343,2504850.163963437
344,2490546.131340757
345,2510489.2714186907
346,2488929.6224441826
347,2472282.710819453
348,2479973.3856821805
349,2504561.2651592046
350,2497341.4323469996
351,2501855.9609693736
352,2468542.2052574903
353,2488841.6867931485
354,2504354.578476101
355,2491176.5450572073
356,2451995.030301571
357,2505506.8066312075
358,2489322.702999264
359,2484557.2453480065
360,2465630.5402577966
361,2496239.7905482054
362,2498778.339354843
363,2478788.895322442
364,2474389.26419729
365,2473921.163053721
366,2487364.2063879073
367,2473294.02661328
368,2466139.7056027204
369,2475923.3364259303
370,2455222.3629980087
371,2508318.0853039175
372,2474279.1793115437
373,2521391.786377251
374,2466307.927872449
375,2458311.1892801076
376,2474203.2997957766
377,2496492.9201078564
378,2500001.1915198565
379,2478276.6741341352
380,2483555.561211854
381,2489798.3657154143
382,2503272.893441826
383,2484023.7798855007
384,2473506.903186068
385,2500069.7126924098
386,2503089.6038143933
387,2455747.4004727155
388,2492326.8200754374
389,2482024.7998194546
390,2501185.7827018052
391,2487872.728638068
392,2481042.7195937634
393,2500470.5259237885
394,2493861.5817787647
395,2469597.8901544213
396,2491889.2024820745
397,2456866.0371711254
398,2496448.6910847127
399,2497081.0846480727
400,2469709.3730158806
401,2482358.8343293816
402,2477692.395606026
403,2481070.704065174
404,2500352.765547931
405,2486373.759200841
406,2471053.287539184
407,2497087.3513670713
408,2481262.189550549
409,2501870.4794489443
410,2494020.2314006984
411,2463490.3327941746
412,2472822.712303996
413,2487395.0527861714
414,2497699.535812795
415,2462982.9031359255
416,2498109.5355183333
417,2475977.1814587116
418,2464335.7800125927
419,2493901.2646867186
420,2505916.311893612
421,2496013.038133785
422,2521180.520731777
423,2475091.579201773
424,2492433.0409499854
425,2513301.718247667
426,2491677.0408685803
427,2463103.748444259
428,2504126.4757632017
429,2503215.3186994046
430,2491779.7684435546
431,2451627.160883695
432,2511115.853769839
433,2500467.770615846
434,2503538.125820428
435,2473235.3381607533
436,2458293.972690299
437,2501512.0337931663
438,2485546.7068357915
439,2481651.0707034767
440,2448702.3592876047
441,2514289.815484792
442,2490267.7138073444
443,2466076.4880214483
444,2465827.207275048
445,2466190.2610205114
446,2479921.8595696986
447,2479611.5345309526
448,2485211.1384619176
449,2527398.8667343706
450,2498693.5266733617
451,2471692.2654408514
452,2503896.0680916607
453,2486129.524508685
454,2481421.447251126
455,2485183.865290776
456,2514632.50746499
457,2466702.5188846886
458,2499887.55666928
459,2471711.9417939484
460,2476751.759731129
461,2475790.0729575604
462,2498535.0049150586
463,2503394.254266262
464,2481253.40846619
465,2459032.3071797937
466,2483050.7697829455
467,2493539.2050946504
468,2479006.756552011
469,2477853.938364029
470,2475256.980502188
471,2466510.233102113
472,2502782.305961281
473,2466625.64548935
474,2452203.8602172583
475,2473187.434924312
476,2479551.2993703485
477,2476248.9771260023
478,2485615.8467313647
479,2501345.728113875
480,2502231.753196001
481,2493795.282743573
482,2460283.8286366314
483,2450423.9535952955
484,2508084.997048363
485,2492106.9034670293
486,2486715.700997621
487,2474378.5518054664
488,2474620.342466846
489,2484452.34544459
490,2459081.307733521
491,2488108.2893315405
492,2472777.8062658757
493,2484159.203123018
494,2493862.427768424
495,2475476.512868181
496,2494880.668481827
497,2485038.1536629796
498,2465226.4262555838
499,2526422.7648994327
500,2469352.195581317
501,2493552.1951689124
502,2496812.976122737
503,2504926.9262506217
504,2512161.3608126193
505,2459110.6695966274
506,2457259.94538337
507,2476825.7849149704
508,2449677.525491312
509,2490455.7751837224
510,2487760.5106186867
511,2499712.989908397
512,2530551.2307510823
513,2491942.4634328634
514,2476492.6373008564
515,2488428.0095466077
516,2496147.6732812077
517,2468509.404579103
518,2458162.3042755425
519,2463950.6372567713
520,2478191.6233916134
521,2488689.6140296906
522,2448206.6595878974
523,2472877.7600238025
524,2478241.9672483727
525,2515753.7364121825
526,2457922.0484156907
527,2477939.362278074
528,2482260.8924359307
529,2497343.367352031
530,2477713.842209384
531,2504246.2186592966
532,2496051.027760379
533,2469344.2986655086
534,2482839.5876598954
535,2472890.8377691805
536,2460027.592525512
537,2492527.9251766354
538,2492881.5906526893
539,2483579.0728260875
540,2462948.819422722
541,2475658.2532258257
542,2491145.738307312
543,2466077.761385821
544,2471831.1001297235
545,2476858.384412974
546,2460988.909561053
547,2490280.2984731346
548,2478577.4886280894
549,2486516.789701961
550,2463988.384615235
551,2478467.4270325378
552,2453860.0992562473
553,2468104.0635472015
554,2533860.766571693
555,2489917.916705787
556,2513157.800435066
557,2491148.902652107
558,2507433.7550755143
559,2504975.8192529455
560,2495740.1034722477
561,2506944.1889970973
562,2506967.338903472
563,2479190.092858225
564,2493899.0705575794
565,2488323.4741941392
566,2501960.700239986
567,2469094.752600789
568,2485029.4694698304
569,2487785.296012245
570,2473826.396816831
571,2484695.9283073023
572,2456187.045501314
573,2504335.161748752
574,2503898.520746842
575,2444339.738577187
576,2509088.5738497972
577,2435844.6942712218
578,2452823.56661202
579,2494927.230130717
580,2483828.6331873536
581,2487044.328225389
582,2498514.8445313983
583,2508820.4892086983
584,2486005.3494869918
585,2474951.722380586
586,2514099.392402582
587,2488470.4757414833
588,2476039.9041763097
589,2487625.087724112
590,2491481.0414854847
591,2489549.5590429604
592,2498133.047664918
593,2493652.5600395724
594,2480818.108969927
595,2485930.3518664166
596,2490842.9460620545
597,2487050.503324818
598,2474437.265439585
599,2465170.6640949994
600,2503101.210896887
601,2473167.3448172733
602,2488498.186794661
603,2477659.7212604657
604,2486327.0678428113
605,2469313.88338387
606,2449967.5783822387
607,2500744.9822698087
608,2464974.9811425954
609,2497536.6563009843
610,2466964.6058555096
611,2468360.415348951
612,2482216.4396805167
613,2475627.7421715707
614,2507536.6674057096
615,2489058.584032094
616,2464808.5901496187
617,2466763.866700873
618,2479885.4689766765
619,2463174.6622477435
620,2478972.6946642436
621,2469684.124985557
622,2467092.785993032
623,2477866.299037408
624,2492620.9241214693
625,2472557.1528503634
626,2497369.490835281
627,2474006.640152555
628,2477275.5868970156
629,2515456.606964413
630,2470652.1948670335
631,2496661.927454885
632,2480871.4401641525
633,2484911.0542280823
634,2512760.804727288
635,2466140.463182941
636,2483836.22592739
637,2496285.365383573
638,2483553.1558415703
639,2471263.8482006304
640,2472519.0080391653
641,2469182.092375234
642,2471496.7894457914
643,2475882.918805599
644,2476863.413483456
645,2492905.0741297565
646,2455080.4805215374
647,2467122.0637140926
648,2469827.508053569
649,2488749.1662634294
650,2468593.1242531575
651,2501999.0135065876
652,2462927.7969802953
653,2493039.2936682496
654,2513860.520974133
655,2460474.93610337
656,2496246.3231660165
657,2458531.595062755
658,2479535.9765203297
659,2470535.03573953
660,2460290.1813507043
661,2478216.069581993
662,2484297.414614357
663,2486792.5621287916
664,2506656.6793876365
665,2478592.4396504797
666,2471410.027878359
667,2475184.823568182
668,2507945.117259681
669,2489657.2988758367
670,2521119.65930482
671,2476122.1790609993
672,2466940.876901512
673,2487170.773734318
674,2481128.0874283873
675,2474611.981696643
676,2468561.654103283
677,2492531.117982045
678,2492871.079679046
679,2464564.065946292
680,2469455.552395352
681,2485846.286474134
682,2494960.1732958592
683,2533701.8655933123
684,2488278.002660673
685,2498332.5528984796
686,2478665.929911297
687,2469656.87598788
688,2492325.4080133424
689,2473101.0971402526
690,2480286.6594325667
691,2478830.1403917037
692,2501667.923349388
693,2476733.0744957887
694,2454481.4336456656
695,2469254.7777424846
696,2485202.6768642236
697,2472533.63276932
698,2498914.083386831
699,2441730.0776456706
700,2481884.629572246
701,2489283.097730823
702,2467134.8739038613
703,2513724.307739294
704,2481178.110636913
705,2464454.165810203
706,2485730.8628583294
707,2492494.782128156
708,2491948.2909733932
709,2482246.469218293
710,2473198.19473416
711,2485715.6234858595
712,2481042.8222143855
713,2483379.6080030445
714,2478421.5790369324
715,2464939.1670251377
716,2514298.283999622
717,2479322.511684196
718,2488453.841029469
719,2501810.8317023367
720,2502389.4275370836
721,2474363.064697124
722,2472731.092697166
723,2462932.291673394
724,2492444.7613139004
725,2478946.703337379
726,2482192.2987028453
727,2471712.7941764295
728,2498794.114797078
729,2481671.4028907344
730,2476798.1844408996
731,2505217.531843245
732,2498143.272461865
733,2507483.013808552
734,2479172.252771832
735,2504265.0021395683
736,2481522.8870180314
737,2476659.3540147524
738,2462129.667100422
739,2482828.0307621686
740,2466478.8383459207
741,2496698.0708946083
742,2479538.8441373007
743,2491198.076529134
744,2490459.9350158563
745,2476765.4898869134
746,2465013.1081736386
747,2479683.8642399255
748,2486451.492710959
749,2478345.4015562385
750,2437633.3025061563
751,2475663.8947212026
752,2489319.880692698
753,2513577.330037754
754,2457309.3518998176
755,2474509.526762698
756,2500433.0224139616
757,2492733.8865088485
758,2466184.6995095573
759,2502225.1592229344
760,2478163.465704456
761,2489399.5437702537
762,2462255.9319139794
763,2472382.849245079
764,2448273.9780606665
765,2487314.920164464
766,2466203.818912998
767,2516792.52706939
768,2485748.5315417815
769,2469458.1229209825
770,2505714.0680354927
771,2477068.0076391697
772,2466941.22796705
773,2463905.191645421
774,2482512.5400366634
775,2482516.8428215384
776,2506144.2106720135
777,2496508.9504338354
778,2464911.138476968
779,2470530.95137899
780,2466001.4289948978
781,2495369.7110741176
782,2461849.760326635
783,2467868.910472505
784,2481154.6208414473
785,2488899.388504222
786,2483521.5564308465
787,2477345.3197831884
788,2478154.4637952335
789,2472647.1444369704
790,2487990.7664817795
791,2493271.204938814
792,2473894.4048248604
793,2517795.0124465786
794,2485029.6700011194
795,2455875.156588882
796,2491525.2013468742
797,2482609.33010605
798,2502830.117795758
799,2476602.198096089
800,2498925.6503353193
801,2477824.781680342
802,2444534.1447461993
803,2457961.849389702
804,2508230.4062439986
805,2488042.286432881
806,2514355.482588645
807,2485457.11080765
808,2488516.5086954087
809,2453303.3493561596
810,2508354.6153016165
811,2502670.1142638773
812,2501321.826031763
813,2469243.2291964293
814,2462790.5965521336
815,2484143.683329612
816,2460680.5388667434
817,2470393.5879885852
818,2496266.7939423844
819,2483423.3151930645
820,2477142.5331519544
821,2466712.965919517
822,2493785.210470952
823,2477107.037395127
824,2484327.84318012
825,2471753.3072706684
826,2493852.453060448
827,2477908.254455611
828,2467711.066255957
829,2447560.1610208303
830,2477296.847156979
831,2467083.0078643076
832,2464588.1414143294
833,2460706.5721965134
834,2481494.491580844
835,2498050.1248106733
836,2498198.0076234937
837,2477468.772561133
838,2506736.8918351308
839,2448150.8121187165
840,2518848.184271984
841,2470131.9414198548
842,2493457.1527100205
843,2507217.234323032
844,2494874.6782440543
845,2483759.772998549
846,2449738.7280694395
847,2472634.3704679683
848,2453737.682166323
849,2473503.9177516773
850,2487749.3952551484
851,2464639.9339423627
852,2485093.0224890783
853,2447823.303501487
854,2471409.9860896245
855,2476527.942819163
856,2500897.197764255
857,2453198.530925542
858,2482629.8813160807
859,2509726.378567897
860,2475007.2278161794
861,2500284.8942860216
862,2474266.3200499862
863,2492640.6804591715
864,2475699.740501784
865,2472699.130752191
866,2469853.940035902
867,2514760.5508749858
868,2483468.967465833
869,2498384.2025125027
870,2509015.615538448
871,2475177.4853509814
872,2489367.7506823987
873,2453317.7910767645
874,2492546.346071616
875,2491800.5714659616
876,2484953.0844858587
877,2477883.337458685
878,2501983.84215001
879,2454853.968567744
880,2486589.439774327
881,2500689.977086954
882,2502445.7404832095
883,2448662.2179406434
884,2453484.668805994
885,2480269.1524583325
886,2476641.06190902
887,2466744.558763057
888,2486584.729813896
889,2487451.903785616
890,2506741.6953860745
891,2461887.705961421
892,2472673.9423370957
893,2454899.848413661
894,2496588.635812953
895,2487739.165445864
896,2487300.8849496245
897,2455488.1205267385
898,2485796.5549984127
899,2475949.4618089795
900,2527075.4381210804
901,2460881.980197206
902,2501316.4107533544
903,2484735.1180009097
904,2470300.9158247113
905,2478620.2360717356
906,2486871.9787857234
907,2464796.895412743
908,2489420.196305588
909,2451024.8297860175
910,2502504.4903113097
911,2498789.305074513
912,2452515.955202818
913,2448082.753317833
914,2481195.1975661963
915,2488965.382559523
916,2497977.995984927
917,2486509.9302200675
918,2478660.738149658
919,2455818.3407407254
920,2465005.0143245906
921,2451101.4057694077
922,2492513.5442947447
923,2482240.7016593516
924,2492887.810799584
925,2474880.923671365
926,2483687.93327567
927,2458829.336445868
928,2478173.9430651367
929,2475839.213873714
930,2483636.8145382106
931,2498941.2725611776
932,2461944.4770418853
933,2479773.024366528
934,2470213.151724234
935,2468318.186153993
936,2462825.0948509127
937,2466498.185201183
938,2490230.5950741023
939,2495141.571585983
940,2510190.6838083416
941,2467526.7493506074
942,2482147.220600471
943,2478728.493251711
944,2443039.5412938
945,2475130.2051348537
946,2504919.5649677664
947,2482361.423227057
948,2525921.903832346
949,2476891.2822771817
950,2476151.3943279833
951,2473302.3855125457
952,2463394.477781415
953,2462608.577238664
954,2486953.058317423
955,2472336.2714517713
956,2479792.428775251
957,2462616.657605946
958,2463366.449025914
959,2437453.650349155
960,2480796.011731282
961,2489517.1065328866
962,2472306.1864615083
963,2454300.4203549623
964,2489445.9167977273
965,2475727.7336942703
966,2454058.0555354953
967,2461321.4486173987
968,2501853.380755931
969,2467788.431696087
970,2471148.5513345003
971,2475411.011971608
972,2492910.6078227013
973,2493882.7474561036
974,2475928.4709766954
975,2452264.407371506
976,2469272.479424745
977,2508815.552058518
978,2491525.0908009857
979,2490198.976516187
980,2511928.9344661534
981,2488271.479088351
982,2507878.919675708
983,2518525.759642437
984,2491524.3311228454
985,2490239.9165543467
986,2483205.91146636
987,2483660.357994035
988,2496132.0939184725
989,2481956.711246088
990,2483459.4621941745
991,2469585.346789345
992,2467667.774037868
993,2489582.7656975538
994,2460609.920709893
995,2473158.7061563134
996,2479414.002801016
997,2451794.3248012364
998,2478537.3996865153
999,2449040.814057976
1000,2464230.827070117
