item,n_models,median_predicted_p,median_z,difficulty
365,37,0.04350190930473476,4.6890827225026275,1.5698796510696411
842,34,0.046830775996435675,4.511517676613967,1.398614525794983
382,34,0.049360595703722414,4.388586166265394,1.6777284145355225
260,33,0.05172015721744701,4.281917952288494,1.6222153902053833
214,30,0.04550890683848027,4.579707474456409,1.7738953828811646
948,29,0.03909459491982011,4.957719590809742,1.5303834676742554
1074,28,0.048625360227205615,4.42344219461155,1.8486522436141968
1023,26,0.04324996728697228,4.703368387021049,1.4887882471084597
368,26,0.05184903579663398,4.2763196886909345,1.6649107933044434
1043,24,0.047897141723830826,4.45848442701741,1.6949352025985718
484,23,0.05142466432341037,4.294871567355859,1.4860306978225708
314,22,0.0326718645460615,5.446772601599216,1.354630708694458
143,22,0.03950335176629568,4.9321437359139555,0.7631493806838989
81,22,0.04523807232147692,4.59494412783369,1.4644780158996582
638,22,0.05147268610602067,4.2928203268351695,1.5464061498641968
787,21,0.05177953636477495,4.279328076203394,1.5965372323989868
1016,21,0.05181050642133558,4.277979023595652,1.6974937915802002
703,20,0.051815940563526466,4.278015085684493,1.7056584358215332
1312,19,0.041851741716795045,4.784753722767593,1.4959098100662231
1228,19,0.05114812757026041,4.307093896069886,1.9066457748413088
1055,18,0.04900855981288386,4.40516558559815,1.534451246261597
1067,18,0.05650210536522371,4.086374757126865,1.4927384853363037
335,16,0.04358358221414295,4.686130355930565,0.8758739829063416
826,16,0.04541911406830429,4.5844695447152235,1.0026527643203735
87,16,0.05372560148396204,4.196796566245513,1.6293686628341677
264,15,0.0462117207744343,4.543075145026743,1.2935460805892944
331,15,0.05330509384513333,4.214253576210956,1.6741042137145996
674,15,0.05731468559375338,4.055556102208524,1.7347296476364136
869,14,0.05354476661979585,4.204433401157004,1.6221845149993896
1319,13,0.05038175730693183,4.341480640510105,1.2395864725112915
1119,13,0.05092689241418369,4.316942318162692,1.3868345022201538
849,12,0.04348001836091408,4.69265286594338,0.9013941884040833
381,12,0.0493739556166556,4.387990181291052,1.3319858312606812
814,12,0.05072675123674948,4.326021519441184,1.052512764930725
288,10,0.05358680298301171,4.203413435595207,1.1575132608413696
588,8,0.054921244020966306,4.1482977407973465,1.2135124206542969
1054,7,0.050815342419643826,4.321931971419774,1.1523094177246094
1219,7,0.05356569113336417,4.203411240792195,1.5416148900985718
782,7,0.05414513728775834,4.179578830820986,1.2513447999954224
726,6,0.04094550621110153,4.8427343479495875,1.275290846824646
1194,6,0.04992299126292106,4.362474184026931,0.9006235003471375
773,6,0.056933848390237525,4.069919754976875,1.7787233591079712
1039,6,0.05808186187848574,4.027046726402515,0.8192753791809082
459,5,0.04835497975442266,4.436258932225722,1.2429438829421997
1254,5,0.05182472391548198,4.277360108616042,1.3893805742263794
1116,5,0.05334015464632625,4.212790309145479,0.6743741035461426
490,5,0.05536107457765395,4.130766659423347,0.9932563304901124
892,5,0.056705678628819346,4.078592665097851,0.8975179195404053
884,4,0.047504312697468826,4.479169549823407,1.1392329931259155
232,4,0.054603805122026026,4.1610208438117295,1.3228541612625122
723,4,0.05523297264914251,4.1363385584021986,1.2084509134292605
1206,4,0.05587935841744908,4.111439707793007,1.0613292455673218
235,4,0.05722315645554668,4.058999721156552,1.3485804796218872
108,3,0.03993792848772387,4.902943502618819,0.834452211856842
1280,3,0.05739606558730149,4.05250502920586,1.5862354040145874
440,3,0.05761682800066557,4.044260191366103,1.655789494514465
828,3,0.05784126179645554,4.035925686596093,1.590646505355835
1284,2,0.05076782464795336,4.32414169897919,0.9735600352287292
562,2,0.05588909615918277,4.111691409490314,1.161769986152649
961,2,0.056014722625540955,4.1066182787078915,0.8343496322631836
973,2,0.05684743873180593,4.073208277872405,0.7611647248268127
92,2,0.05824459450979115,4.021159592398416,1.5626658201217651
694,1,0.05754286532184238,4.047017305264971,1.504244089126587
