item,n_models,n_families,median_predicted_p,median_z,difficulty,example_families
365,37,36,0.04350190930473476,4.6890827225026275,1.5698796510696411,"aboros98/merlin1-3, aboros98/motans1, ajibawa-2023/uncensored-frank-llama, barrahome/llamarada-3-orpo, bhavinjawade/superaligned-jawade, birgermoell/llama-3-open"
842,34,33,0.046830775996435675,4.511517676613967,1.398614525794983,"4season/alignment-model-test9, aa051610/c0322-reft, abhishekchohan/mistral-7b-med, allknowingroger/frankenlimmy-10b-passthrough, allknowingroger/frankenroger-10b-passthrough, allknowingroger/m7-8b-passthrough"
382,34,32,0.049360595703722414,4.388586166265394,1.6777284145355225,"chargoddard/internlm2-base-20b, cloudyu/mistral-18b-instruct, cohereforai/c4ai-command-r, cookinai/llama-3-solar, cookinai/neuralllama-3-orpo, financialsupport/saiga-7b"
260,33,31,0.05172015721744701,4.281917952288494,1.6222153902053833,"ajibawa-2023/scarlett-llama-3, azure99/blossom-v3-1, birgermoell/llama-3-open, cookinai/llama-3-solar, cookinai/neuralllama-3-orpo, denlabs/llama-3-7b"
214,30,30,0.04550890683848027,4.579707474456409,1.7738953828811646,"aboros98/groot2, bluenipples/snowlotus-10-7b, changgil/k2s3-mistral-7b, dreadpoor/bageluccine-2-7b, eduagarcia/mistral-orpo-mix, gagan3012/multirial"
948,29,29,0.03909459491982011,4.957719590809742,1.5303834676742554,"0-hero/matter-0-1, 0ai/0ai-7b, aa051610/c0322-reft, adamo1139/yi-34b-200k, amu/orpo-lora-phi2, azure99/blossom-mistral-7b"
1074,28,24,0.048625360227205615,4.42344219461155,1.8486522436141968,"aa051610/c0322-reft, adamo1139/yi-34b-200k, ajibawa-2023/scarlett-llama-3, causallm/35b-beta2ep, cookinai/llama-3-solar, delcos/velara-11b"
1023,26,24,0.04324996728697228,4.703368387021049,1.4887882471084597,"01-ai/yi-34b, abideen/nexonimbus-moe-2x7b, alykassem/ds-diasum-md, apmic/caigun-lora-model, azazelle/mocha-sr-7b, brucethemoose/caplattessdolxaboros-yi-34b"
368,26,23,0.05184903579663398,4.2763196886909345,1.6649107933044434,"aboros98/lilo2, adamo1139/yi-34b-200k, alvarobartt/mistral-7b-orpo, azure99/blossom-v3-1, cookinai/llama-3-solar, cookinai/neuralllama-3-orpo"
1043,24,23,0.047897141723830826,4.45848442701741,1.6949352025985718,"amazingvince/not-wizardlm-2, amazingvince/openhermes-7b, azure99/blossom-v3-1, bn22/openhermes-2-5, dreamgen/wizardlm-2-7b, frankenmerger/delta-4b-scientific"
314,22,22,0.0326718645460615,5.446772601599216,1.354630708694458,"aboros98/merlin1-2, azazelle/mocha-sr-7b, changgil/k2s3-mistral-7b, chrlu/zephyr-7b-gemma, codellama/codellama-70b-hf, delcos/velara-11b"
81,22,22,0.04523807232147692,4.59494412783369,1.4644780158996582,"ai-b/utena-7b, azure99/blossom-9b, bhavinjawade/superaligned-jawade, brucethemoose/caplattessdolxaboros-yi-34b, chaoticneutrals/lunar-10-7b, cohereforai/c4ai-command-r"
638,22,22,0.05147268610602067,4.2928203268351695,1.5464061498641968,"ajibawa-2023/uncensored-frank-llama, brillibits/instruct-llama3-8b, chlee10/t3q-platypus-solar, chrlu/zephyr-7b-gemma, cloudyu/mixtral-7bx2-moe, enoch/llama-65b-hf"
484,23,21,0.05142466432341037,4.294871567355859,1.4860306978225708,"azure99/blossom-v3-1, barrahome/llamarada-3-orpo, brillibits/instruct-llama3-8b, cloudyu/mistral-18b-instruct, corticalstack/gemma-7b-ultrachat, denlabs/llama-3-7b"
143,22,20,0.03950335176629568,4.9321437359139555,0.7631493806838989,"allknowingroger/mistralmath-15b-pass, azure99/blossom-mistral-7b, cgato/thespis-curtaincall-7b, delcos/starling-lm-11b, delcos/velara-11b, dual-gpo/zephyr-7b-gpo"
787,21,20,0.05177953636477495,4.279328076203394,1.5965372323989868,"ai-b/utena-7b-nsfw, birgermoell/llama-3-open, brillibits/instruct-llama3-8b, cloudyu/mistral-15b-instruct, google/gemma-1-1, hooking-dev/monah-8b"
1016,21,20,0.05181050642133558,4.277979023595652,1.6974937915802002,"allknowingroger/mistralmath-15b-pass, frankenmerger/delta-4b-orange, gmonsoon/delta-4b-orange, gmonsoon/maxicpm-3x3b-test, greennode/merged-7b, invalid-coder/dolphin-2-1"
703,20,19,0.051815940563526466,4.278015085684493,1.7056584358215332,"ai-b/utena-7b-nsfw, cohereforai/aya-23-8b, gagan3012/multirial, ibm/merlinite-7b, inv/elbrus-7b, josephgflowers/cinder-phi-2"
1312,19,19,0.041851741716795045,4.784753722767593,1.4959098100662231,"8xqmff94/slm, abhishek/autotrain-llama3-no, ai-b/utena-7b-nsfw, airesearch/llama3-8b-wangchanx, alvarobartt/mistral-7b-1, bongchoi/momo-70b-lora"
1228,19,18,0.05114812757026041,4.307093896069886,1.9066457748413088,"ajibawa-2023/scarlett-llama-3, eduagarcia/mistral-orpo-mix, elinas/chronos007-70b, failspy/llama-3-8b, google/codegemma-7b, grimjim/madwind-wizard-7b"
1055,18,18,0.04900855981288386,4.40516558559815,1.534451246261597,"amazingvince/not-wizardlm-2, dreamgen/wizardlm-2-7b, elinas/chronos007-70b, garage-baind/platypus2-70b, google/codegemma-7b, grimjim/madwind-wizard-7b"
1067,18,18,0.05650210536522371,4.086374757126865,1.4927384853363037,"alvarobartt/mistral-7b-1, azure99/blossom-v3-1, elinas/chronos007-70b, failspy/llama-3-8b, g-ronimo/phi-2-openhermes, goat-ai/goat-70b-storytelling"
335,16,16,0.04358358221414295,4.686130355930565,0.8758739829063416,"01-ai/yi-9b-200k, 0ai/0ai-7b, ajibawa-2023/scarlett-llama-3, allknowingroger/multiversebuddy-15b-moe, azure99/blossom-llama3-8b, cognitivecomputations/megadolphin-120b"
87,16,15,0.05372560148396204,4.196796566245513,1.6293686628341677,"cohereforai/aya-23-8b, delcos/starling-lm-11b, dreamgen/opus-2-7b, garage-baind/platypus2-70b, grayhacker91/gemma-7b-open, leroydyer/mixtral-ai-cyberbrain"
264,15,15,0.0462117207744343,4.543075145026743,1.2935460805892944,"4season/alignment-model-test3, 8xqmff94/slm, cohereforai/c4ai-command-r, elinas/llama-3-13b, frankenmerger/delta-4b-orange, gmonsoon/delta-4b-orange"
674,15,15,0.05731468559375338,4.055556102208524,1.7347296476364136,"aari1995/germeo-7b-laser, chuckmcsneed/wintergoddess-1-4x, cloudyu/mistral-18b-instruct, convexai/chop-7b, cookinai/llamareflect-8b-cot, denlabs/llama-3-7b"
826,16,14,0.04541911406830429,4.5844695447152235,1.0026527643203735,"aari1995/germeo-7b-laser, amu/r-zephyr-7b, cookinai/titanbagel, fblgit/una-dolphin-2, jpquiroga/mistral-7b-ties, leroydyer/mixtral-ai-cyber"
331,15,14,0.05330509384513333,4.214253576210956,1.6741042137145996,"allknowingroger/multiversebuddy-15b-moe, chuckmcsneed/wintergoddess-1-4x, cohereforai/aya-23-8b, fhai50032/samchat, ibm/merlinite-7b, jaeyeonkang/cck-0"
869,14,13,0.05354476661979585,4.204433401157004,1.6221845149993896,"adamo1139/yi-34b-200k, alignment-handbook/zephyr-7b-qlora, cookinai/blitz-1, delcos/velara-11b, elinas/chronos007-70b, llmixer/bigweave-90b"
1319,13,13,0.05038175730693183,4.341480640510105,1.2395864725112915,"allknowingroger/mistralmath-15b-pass, azazelle/moko-sample, corticalstack/mistral-7b-metamathqa, dual-gpo/zephyr-7b-gpo, leroydyer/mixtral-ai-cyber, locutusque/hyperion-1-5"
1119,13,13,0.05092689241418369,4.316942318162692,1.3868345022201538,"cohereforai/c4ai-command-r, dfurman/llama-3-8b, gmonsoon/minicpm-2b-base, knutjaegersberg/deita-2b, leroydyer/mixtral-uncensored, liminerity/mm4-3b"
849,12,12,0.04348001836091408,4.69265286594338,0.9013941884040833,"abhishek/autotrain-llama3-no, allknowingroger/multiversebuddy-15b-moe, cohereforai/c4ai-command-r, ghost-x/ghost-7b, gille/strangemerges-38-7b, jukofyork/eurus-70b-fixed"
814,12,12,0.05072675123674948,4.326021519441184,1.052512764930725,"cohereforai/c4ai-command-r, frankenmerger/delta-4b-scientific, gagan3012/multilingual-mistral, greennode/merged-7b, locutusque/hyperion-3-0, orangetin/openhermes-mixtral-8x7b"
381,12,11,0.0493739556166556,4.387990181291052,1.3319858312606812,"azure99/blossom-llama3-8b, birgermoell/llama-3-merge, dreadpoor/bageluccine-2-7b, elinas/llama-3-13b, g-ronimo/phi-2-openhermes, jaeyeonkang/cck-0"
288,10,10,0.05358680298301171,4.203413435595207,1.1575132608413696,"ajibawa-2023/uncensored-frank-llama, google/gemma-1-1, jondurbin/airoboros-l2-70b, kyujinpy/platyi-34b-llama, mncai/agiin-11-1b, openbuddy/openbuddy-gemma-7b"
588,8,8,0.054921244020966306,4.1482977407973465,1.2135124206542969,"azure99/blossom-v3-1, failspy/llama-3-8b, gagan3012/multirial, itsliupeng/test-6b, knutjaegersberg/deita-2b, locutusque/opencerebrum-1-5"
1219,7,7,0.05356569113336417,4.203411240792195,1.5416148900985718,"cloudyu/mistral-15b-instruct, eduagarcia/mistral-orpo-mix, gagan3012/multilingual-mistral, genaicore3434/mistral-7b-2, openbuddy/openbuddy-gemma-7b, silvercoder45/mistral-7b-2"
782,7,7,0.05414513728775834,4.179578830820986,1.2513447999954224,"cookinai/neuralllama-3-orpo, g-ronimo/phi-2-openhermes, gagan3012/multirial, indischepartij/minicpm-3b-bacchus, openlynn/llama-3-soliloquy, openmodels4all/gemma-1-1"
1054,7,6,0.050815342419643826,4.321931971419774,1.1523094177246094,"allknowingroger/taopassthrough-15b-s, leroydyer/mixtral-ai-cybertron, perlthoughts/openchat-3-5, sonthenguyen/neuralhermes-2-5, tourist800/marcoro14-7b-slerp, wolfeidau/neuralhermes-2-5"
726,6,6,0.04094550621110153,4.8427343479495875,1.275290846824646,"energy-drink-love/solar-merge2-dpo, g-ronimo/phi-2-openhermes, grimjim/madwind-wizard-7b, lodrick-the-lafted/grafted-hermetic-platypus, sanjiwatsuki/longcat-10-7b, tourist800/marcoro14-7b-slerp"
1194,6,6,0.04992299126292106,4.362474184026931,0.9006235003471375,"icbu-npu/fashiongpt-70b-1, jeiku/elly-7b, kyujinpy/platyi-34b-lora, meta-math/metamath-70b-0, teezee/xwin-lm-70b, vicgalle/solarized-18b"
773,6,6,0.056933848390237525,4.069919754976875,1.7787233591079712,"cgato/thespis-curtaincall-7b, fangzhaoz/pearl7b-tuneongsm8k, gagan3012/multirial, nasiruddin15/neural-grok-dolphin, nluhopoe/test-case-2, openbuddy/openbuddy-falcon-180b"
1039,6,6,0.05808186187848574,4.027046726402515,0.8192753791809082,"barrahome/lucie-7b-2, barrahome/mistroll-7b-1, chatty123/mistral-rank32-dpo, chatty123/mistral-rank8-dpo, openbuddy/openbuddy-gemma-7b, ucla-agi/test0"
459,5,5,0.04835497975442266,4.436258932225722,1.2429438829421997,"bn22/openhermes-2-5, felixchao/gemma-10-2b, itsliupeng/test-6b, lodrick-the-lafted/hermes-7b-100k, openbuddy/openbuddy-mistral-7b"
1254,5,5,0.05182472391548198,4.277360108616042,1.3893805742263794,"failspy/llama-3-8b, goat-ai/goat-70b-storytelling, jondurbin/airoboros-l2-70b, meta-math/metamath-70b-0, zardos/a-i-kant"
1116,5,5,0.05334015464632625,4.212790309145479,0.6743741035461426,"fangzhaoz/pearl7b-tuneongsm8k, henryjj/dolphin-2-6, lemon-mint/gemma-7b-openhermes, locutusque/hyperion-3-0, nickynicky/mistral-7b-openorca"
490,5,5,0.05536107457765395,4.130766659423347,0.9932563304901124,"cookinai/llamareflect-8b-cot, delcos/velara-11b, locutusque/opencerebrum-1-0, meta-math/metamath-70b-0, openbuddy/openbuddy-falcon-180b"
892,5,5,0.056705678628819346,4.078592665097851,0.8975179195404053,"gmonsoon/minicpm-2b-base, psmathur/orca-mini-v3, teezee/xwin-lm-70b, uukuguy/orca-2-13b, wandb/mistral-7b-zephyr"
232,4,4,0.054603805122026026,4.1610208438117295,1.3228541612625122,"brillibits/instruct-llama70b-dolly15k, g-ronimo/phi-2-openhermes, goat-ai/goat-70b-storytelling, resmpdev/wukong-0-1"
723,4,4,0.05523297264914251,4.1363385584021986,1.2084509134292605,"cloudyu/mistral-18b-instruct, delcos/starling-lm-11b, openbuddy/openbuddy-llama-65b, resplendentai/paradigm-shift-7b"
1206,4,4,0.05587935841744908,4.111439707793007,1.0613292455673218,"0ai/0ai-7b, kyujinpy/platyi-34b-llama, openbuddy/openbuddy-llama-65b, zhliu627/zephyr-gemma-rpo"
235,4,4,0.05722315645554668,4.058999721156552,1.3485804796218872,"jondurbin/spicyboros-70b-2, psmathur/orca-mini-v3, shanchen/llama3-8b-slerp, teezee/xwin-lm-70b"
884,4,3,0.047504312697468826,4.479169549823407,1.1392329931259155,"convexai/chop-7b, genaicore3434/mistral-7b-2, silvercoder45/mistral-7b-2"
108,3,3,0.03993792848772387,4.902943502618819,0.834452211856842,"bongchoi/momo-70b-lora, llmixer/bigweave-90b, sumo43/solar-10-7b"
1280,3,3,0.05739606558730149,4.05250502920586,1.5862354040145874,"delcos/starling-lm-11b, denlabs/llama-3-7b, mollel/swahili-gemma"
440,3,3,0.05761682800066557,4.044260191366103,1.655789494514465,"fangzhaoz/pearl7b-tuneongsm8k, junchengxie/mistral-7b-1, shanchen/llama3-8b-slerp"
828,3,3,0.05784126179645554,4.035925686596093,1.590646505355835,"delcos/starling-lm-11b, henryjj/dolphin-2-6, rhaymison/mistral-portuguese-luana"
1284,2,2,0.05076782464795336,4.32414169897919,0.9735600352287292,"brillibits/instruct-llama70b-dolly15k, meta-math/metamath-70b-0"
562,2,2,0.05588909615918277,4.111691409490314,1.161769986152649,"nasiruddin15/neural-grok-dolphin, ucla-agi/test0"
961,2,2,0.056014722625540955,4.1066182787078915,0.8343496322631836,"inneri/inneri-ai-sn6, sumo43/solar-10-7b"
973,2,2,0.05684743873180593,4.073208277872405,0.7611647248268127,"cgato/thespis-curtaincall-7b, silvercoder67/mistral-7b-2"
92,2,2,0.05824459450979115,4.021159592398416,1.5626658201217651,"convexai/chop-7b, stabilityai/stablelm-2-1"
694,1,1,0.05754286532184238,4.047017305264971,1.504244089126587,pansophic/gemma-2b
