item,Mixture difficulty,Mixture discrimination,Mixture item exposure,Sparse 3PL lower asymptote,Legacy residual-screen flagged models,Legacy residual-screen median predicted probability,Legacy residual-screen median z,Legacy 2PL residual-screen difficulty,Mixture prior variants with top-100 classification,Top-100 appearances,Mean top-100 rank,Best top-100 rank,Mean posterior preknowledge probability,Minimum posterior preknowledge probability,Observed pass rate
767,2.4613723754882812,7.210998058319092,-1.6715596914291382,0.0219513345509767,0.0,,,,21.0,82.0,49.109756097560975,2.0,1.0,1.0,0.08546724
161,2.6130218505859375,5.848323345184326,-0.8934985995292664,0.0764174461364746,0.0,,,,21.0,70.0,50.18571428571428,2.0,1.0,1.0,0.16012637
599,2.508639335632324,6.5009989738464355,-1.3814619779586792,0.0101986089721322,0.0,,,,21.0,60.0,58.38333333333333,4.0,1.0,1.0,0.12005321
1037,2.518907308578491,6.496699333190918,-1.1600176095962524,0.0156999137252569,0.0,,,,21.0,58.0,49.310344827586206,4.0,1.0,1.0,0.11689392
637,2.5588507652282715,6.035612106323242,-0.7758786678314209,0.0305364355444908,0.0,,,,20.0,104.0,49.35576923076923,1.0,1.0,1.0,0.1646159
49,2.4879631996154785,6.96391487121582,-1.483362078666687,0.0571098737418651,0.0,,,,20.0,67.0,52.82089552238806,1.0,1.0,1.0,0.09461257
1313,2.557420015335083,6.47798490524292,-0.9505977034568788,0.0663916170597076,0.0,,,,20.0,66.0,48.77272727272727,1.0,1.0,1.0,0.14682408
1259,2.5426676273345947,6.34070348739624,-0.9051219820976256,0.0160138346254825,0.0,,,,20.0,60.0,50.5,3.0,1.0,1.0,0.16178916
89,2.5654544830322266,6.444942474365234,-0.992912232875824,0.0133891515433788,0.0,,,,20.0,59.0,44.83050847457627,1.0,1.0,1.0,0.14466245
331,2.472351551055908,7.206494331359863,-1.8946201801300049,0.0134752783924341,15.0,0.0533050938451333,4.214253576210956,1.6741042137145996,19.0,42.0,54.404761904761905,6.0,1.0,1.0,0.07149983
205,2.4927175045013428,6.843100547790527,-1.4296059608459473,0.0564400143921375,0.0,,,,18.0,63.0,56.111111111111114,3.0,1.0,1.0,0.10259395
556,2.5339155197143555,6.4686760902404785,-0.8238171935081482,0.0261323396116495,0.0,,,,18.0,58.0,49.12068965517241,1.0,1.0,1.0,0.14216827
1154,2.5775890350341797,6.5173444747924805,-1.2791229486465454,0.0226145815104246,0.0,,,,18.0,52.0,50.28846153846154,5.0,1.0,1.0,0.12121716
1197,2.4673476219177246,7.265674114227295,-2.151031732559204,0.0662705972790718,0.0,,,,18.0,44.0,49.43181818181818,3.0,1.0,1.0,0.069171935
1137,0.9927189350128174,9.304616928100586,0.658812940120697,0.0169873237609863,0.0,,,,18.0,30.0,40.8,2.0,1.0,1.0,0.4447955
