Run,Model family,Prior variant,Holdout mean log likelihood,Holdout Brier score,Holdout accuracy
dmixture_family_2pl__wide_difficulty,dmixture_family_2pl,wide_difficulty,-0.3516521155834198,0.1120651885867118,0.8385385274887085
dmixture_family_2pl__wide_discrimination,dmixture_family_2pl,wide_discrimination,-0.3516559302806854,0.1120645180344581,0.8385344743728638
dmixture_family_2pl__wide_exposure,dmixture_family_2pl,wide_exposure,-0.3516562879085541,0.1120665222406387,0.8385331034660339
dmixture_family_2pl__moderate_contamination,dmixture_family_2pl,moderate_contamination,-0.3516562879085541,0.1120665296912193,0.8385331034660339
dmixture_family_2pl__baseline,dmixture_family_2pl,baseline,-0.3516563177108764,0.1120665296912193,0.8385331034660339
dmixture_family_2pl__rare_contamination,dmixture_family_2pl,rare_contamination,-0.3516563773155212,0.1120665520429611,0.8385331034660339
dmixture_family_2pl__tight_exposure,dmixture_family_2pl,tight_exposure,-0.3516564965248108,0.1120665743947029,0.8385331034660339
dmixture_family_2pl__tight_difficulty,dmixture_family_2pl,tight_difficulty,-0.3516792356967926,0.1120737493038177,0.8385193943977356
dmixture_family_2pl__tight_discrimination,dmixture_family_2pl,tight_discrimination,-0.3516799211502075,0.1120941266417503,0.8384782671928406
dmixture_2pl__tau_999,dmixture_2pl,tau_999,-0.3517471551895141,0.1120095402002334,0.8384084105491638
