Item,Mixture runs,Top-100 appearances,Mean rank,Best rank,Mean posterior preknowledge probability,Minimum posterior preknowledge probability
767,21,82,49.109756097560975,2,1.0,1.0
161,21,70,50.18571428571428,2,1.0,1.0
599,21,60,58.38333333333333,4,1.0,1.0
1037,21,58,49.310344827586206,4,1.0,1.0
637,20,104,49.35576923076923,1,1.0,1.0
49,20,67,52.82089552238806,1,1.0,1.0
1313,20,66,48.77272727272727,1,1.0,1.0
1259,20,60,50.5,3,1.0,1.0
89,20,59,44.83050847457627,1,1.0,1.0
331,19,42,54.404761904761905,6,1.0,1.0
